Cost Estimation Professional,Public Investment Fund (PIF),"Riyadh, Saudi Arabia",https://sa.linkedin.com/jobs/view/cost-estimation-professional-at-public-investment-fund-pif-4309989753?position=1&pageNum=0&refId=r5Y2FXy8WQ4HVY%2BtCsVsKQ%3D%3D&trackingId=RIRgirOnvmT0XpvnwHmseQ%3D%3D
Community & Engagement Professional,Public Investment Fund (PIF),"Riyadh, Saudi Arabia",https://sa.linkedin.com/jobs/view/community-engagement-professional-at-public-investment-fund-pif-4306518447?position=2&pageNum=0&refId=r5Y2FXy8WQ4HVY%2BtCsVsKQ%3D%3D&trackingId=1FwP%2B5kR1yz1Z33wWUUgLQ%3D%3D
Data Analyst,Saudi Credit Bureau - SIMAH,"Riyadh, Saudi Arabia",https://sa.linkedin.com/jobs/view/data-analyst-at-saudi-credit-bureau-simah-4308760118?position=3&pageNum=0&refId=r5Y2FXy8WQ4HVY%2BtCsVsKQ%3D%3D&trackingId=seHiULL5%2FldvHf1AJAEkGg%3D%3D
Business Excellence & Project Management,Confidential Government,"Riyadh, Saudi Arabia",https://sa.linkedin.com/jobs/view/business-excellence-project-management-at-confidential-government-4301864835?position=4&pageNum=0&refId=r5Y2FXy8WQ4HVY%2BtCsVsKQ%3D%3D&trackingId=sDwA6FQ7NmsTNPsPRjsoBg%3D%3D
Financial Controller,Confidential Government,"Riyadh, Saudi Arabia",https://sa.linkedin.com/jobs/view/financial-controller-at-confidential-government-4309979401?position=5&pageNum=0&refId=r5Y2FXy8WQ4HVY%2BtCsVsKQ%3D%3D&trackingId=cegYgqRPPxmSr4T7mXQZeg%3D%3D
Financial Analyst,Confidential Government,"Riyadh, Saudi Arabia",https://sa.linkedin.com/jobs/view/financial-analyst-at-confidential-government-4312703185?position=6&pageNum=0&refId=r5Y2FXy8WQ4HVY%2BtCsVsKQ%3D%3D&trackingId=t0efBzW7wZCSWp8c19%2BQaw%3D%3D
Program Manager,Takamol Holding,"Riyadh, Saudi Arabia",https://sa.linkedin.com/jobs/view/program-manager-at-takamol-holding-4311232881?position=7&pageNum=0&refId=r5Y2FXy8WQ4HVY%2BtCsVsKQ%3D%3D&trackingId=1sfs6x2j0HyYyNuxhndUag%3D%3D
"Specialist, Data Steward",ROSHN l روشن,Saudi Arabia,https://sa.linkedin.com/jobs/view/specialist-data-steward-at-roshn-l-%D8%B1%D9%88%D8%B4%D9%86-4314634591?position=8&pageNum=0&refId=r5Y2FXy8WQ4HVY%2BtCsVsKQ%3D%3D&trackingId=%2BtxZhrOOob4Xgf3tB42DWQ%3D%3D
Senior Finance Project Controller,Confidential Government,"Riyadh, Saudi Arabia",https://sa.linkedin.com/jobs/view/senior-finance-project-controller-at-confidential-government-4305874203?position=9&pageNum=0&refId=r5Y2FXy8WQ4HVY%2BtCsVsKQ%3D%3D&trackingId=DjFBzvxtmrCCi8vC6CKpYA%3D%3D
Corporate Performance Expert,Confidential Government,"Riyadh, Saudi Arabia",https://sa.linkedin.com/jobs/view/corporate-performance-expert-at-confidential-government-4303657050?position=10&pageNum=0&refId=r5Y2FXy8WQ4HVY%2BtCsVsKQ%3D%3D&trackingId=%2BzjindZhtq%2B9cunNnsgnCA%3D%3D
Admissions counsellor,Confidential Government,"Riyadh, Saudi Arabia",https://sa.linkedin.com/jobs/view/admissions-counsellor-at-confidential-government-4310684037?position=11&pageNum=0&refId=r5Y2FXy8WQ4HVY%2BtCsVsKQ%3D%3D&trackingId=UvGgMZUNYPgj%2FQgPrlV1bQ%3D%3D
Human Resources Information System Specialist,Confidential Government,"Riyadh, Saudi Arabia",https://sa.linkedin.com/jobs/view/human-resources-information-system-specialist-at-confidential-government-4316415353?position=12&pageNum=0&refId=r5Y2FXy8WQ4HVY%2BtCsVsKQ%3D%3D&trackingId=ux14fzyU72s3ms%2FDz8h%2F8A%3D%3D
Talent Management Expert,Confidential Government,"Riyadh, Saudi Arabia",https://sa.linkedin.com/jobs/view/talent-management-expert-at-confidential-government-4310686489?position=13&pageNum=0&refId=r5Y2FXy8WQ4HVY%2BtCsVsKQ%3D%3D&trackingId=tRKRxcIwQXuDmr0vLZ25EA%3D%3D
Customer Service Supervisor,Tamkeen Technologies,"Riyadh, Riyadh, Saudi Arabia",https://sa.linkedin.com/jobs/view/customer-service-supervisor-at-tamkeen-technologies-4297528574?position=14&pageNum=0&refId=r5Y2FXy8WQ4HVY%2BtCsVsKQ%3D%3D&trackingId=IeG09cxUWlyB8cR54Y2r9Q%3D%3D
Talent Management Specialist,Almarai - المراعي,"Riyadh, Saudi Arabia",https://sa.linkedin.com/jobs/view/talent-management-specialist-at-almarai-%D8%A7%D9%84%D9%85%D8%B1%D8%A7%D8%B9%D9%8A-4311366540?position=15&pageNum=0&refId=r5Y2FXy8WQ4HVY%2BtCsVsKQ%3D%3D&trackingId=W2yJ1SbHhepJgP%2FY0fw7DQ%3D%3D
Quality Assurance Coordinator,Confidential Government,"Riyadh, Saudi Arabia",https://sa.linkedin.com/jobs/view/quality-assurance-coordinator-at-confidential-government-4309981443?position=16&pageNum=0&refId=r5Y2FXy8WQ4HVY%2BtCsVsKQ%3D%3D&trackingId=aJL2BOusitv8o8esJ%2FvkIQ%3D%3D
Talent Acquisition Specialist,Confidential Government,"Riyadh, Saudi Arabia",https://sa.linkedin.com/jobs/view/talent-acquisition-specialist-at-confidential-government-4312558802?position=17&pageNum=0&refId=r5Y2FXy8WQ4HVY%2BtCsVsKQ%3D%3D&trackingId=pzDYxlJ6TbIP92MMEIIdxQ%3D%3D
Business Operations  - Specialist Support,MENAISCO,"Riyadh, Saudi Arabia",https://sa.linkedin.com/jobs/view/business-operations-specialist-support-at-menaisco-4297098188?position=18&pageNum=0&refId=r5Y2FXy8WQ4HVY%2BtCsVsKQ%3D%3D&trackingId=OcLFUX7X7kETWXfEIWbPIQ%3D%3D
Maintenance Supervisor,Confidential Government,"Riyadh, Saudi Arabia",https://sa.linkedin.com/jobs/view/maintenance-supervisor-at-confidential-government-4310662563?position=19&pageNum=0&refId=r5Y2FXy8WQ4HVY%2BtCsVsKQ%3D%3D&trackingId=waT5Ywmqzxon8rpRjbKCqA%3D%3D
Assistant Risk Modeling Manager,بنك البلاد | Bank Albilad,"Riyadh, Saudi Arabia",https://sa.linkedin.com/jobs/view/assistant-risk-modeling-manager-at-%D8%A8%D9%86%D9%83-%D8%A7%D9%84%D8%A8%D9%84%D8%A7%D8%AF-bank-albilad-4311938699?position=20&pageNum=0&refId=r5Y2FXy8WQ4HVY%2BtCsVsKQ%3D%3D&trackingId=rT0xKfvMiQ4gB5zxHNE5AQ%3D%3D
Product Manager,Tamkeen Technologies,"Riyadh, Riyadh, Saudi Arabia",https://sa.linkedin.com/jobs/view/product-manager-at-tamkeen-technologies-4290664231?position=21&pageNum=0&refId=r5Y2FXy8WQ4HVY%2BtCsVsKQ%3D%3D&trackingId=o5R7swthIBoPEhw%2BwjG3AQ%3D%3D
Business Analyst,HALA,"Riyadh, Riyadh, Saudi Arabia",https://sa.linkedin.com/jobs/view/business-analyst-at-hala-4308184243?position=22&pageNum=0&refId=r5Y2FXy8WQ4HVY%2BtCsVsKQ%3D%3D&trackingId=1BsJYcI4ZStkszIOx0mAXw%3D%3D
Admission Application Coordinator,Confidential Government,"Riyadh, Saudi Arabia",https://sa.linkedin.com/jobs/view/admission-application-coordinator-at-confidential-government-4310664987?position=23&pageNum=0&refId=r5Y2FXy8WQ4HVY%2BtCsVsKQ%3D%3D&trackingId=Osbob6WgTOpAmeziyi8%2BWg%3D%3D
Program Planning and Control Senior Director,Confidential Government,"Riyadh, Saudi Arabia",https://sa.linkedin.com/jobs/view/program-planning-and-control-senior-director-at-confidential-government-4315233959?position=24&pageNum=0&refId=r5Y2FXy8WQ4HVY%2BtCsVsKQ%3D%3D&trackingId=zOQklwRZKZgB5F1D4psYgw%3D%3D
Senior Procurement Officer,AlJazira Bank | بنك الجزيرة,"Riyadh, Saudi Arabia",https://sa.linkedin.com/jobs/view/senior-procurement-officer-at-aljazira-bank-%D8%A8%D9%86%D9%83-%D8%A7%D9%84%D8%AC%D8%B2%D9%8A%D8%B1%D8%A9-4309961220?position=25&pageNum=0&refId=r5Y2FXy8WQ4HVY%2BtCsVsKQ%3D%3D&trackingId=%2FgkWt%2FX4QfJyBsj%2BOUnQJA%3D%3D
Data Scientist,EjadTech - إيجاد التقنية,"Riyadh, Saudi Arabia",https://sa.linkedin.com/jobs/view/data-scientist-at-ejadtech-%D8%A5%D9%8A%D8%AC%D8%A7%D8%AF-%D8%A7%D9%84%D8%AA%D9%82%D9%86%D9%8A%D8%A9-4306092602?position=26&pageNum=0&refId=r5Y2FXy8WQ4HVY%2BtCsVsKQ%3D%3D&trackingId=c3cIzraGwgQmhWwaQjJhrw%3D%3D
Accountant,Tamkeen Technologies,"Riyadh, Riyadh, Saudi Arabia",https://sa.linkedin.com/jobs/view/accountant-at-tamkeen-technologies-4278036823?position=27&pageNum=0&refId=r5Y2FXy8WQ4HVY%2BtCsVsKQ%3D%3D&trackingId=pWeUi71E1SF1TmMILuOk9A%3D%3D
Consultant – Project Controls Manager (PMD),Confidential Government,"Riyadh, Saudi Arabia",https://sa.linkedin.com/jobs/view/consultant-%E2%80%93-project-controls-manager-pmd-at-confidential-government-4312733320?position=28&pageNum=0&refId=r5Y2FXy8WQ4HVY%2BtCsVsKQ%3D%3D&trackingId=cLHn9XbvqtgSJdCMKMUDCw%3D%3D
Data Analyst (Fraud Protection),Group-IB,"Riyadh, Saudi Arabia",https://sa.linkedin.com/jobs/view/data-analyst-fraud-protection-at-group-ib-4306554135?position=29&pageNum=0&refId=r5Y2FXy8WQ4HVY%2BtCsVsKQ%3D%3D&trackingId=GOPbQMOH4CrNOMROQ7a8Cw%3D%3D
Data Engineer -(Fresh Grad)- (Saudi National),Tarmeez Capital | ترميز المالية,"Riyadh, Riyadh, Saudi Arabia",https://sa.linkedin.com/jobs/view/data-engineer-fresh-grad-saudi-national-at-tarmeez-capital-%D8%AA%D8%B1%D9%85%D9%8A%D8%B2-%D8%A7%D9%84%D9%85%D8%A7%D9%84%D9%8A%D8%A9-4316426428?position=30&pageNum=0&refId=r5Y2FXy8WQ4HVY%2BtCsVsKQ%3D%3D&trackingId=fsXt7%2BwW3GJ4ojTezw0X8A%3D%3D
"Senior Manager, Data Governance",ROSHN l روشن,Saudi Arabia,https://sa.linkedin.com/jobs/view/senior-manager-data-governance-at-roshn-l-%D8%B1%D9%88%D8%B4%D9%86-4314638500?position=31&pageNum=0&refId=r5Y2FXy8WQ4HVY%2BtCsVsKQ%3D%3D&trackingId=gb3a9rx%2BMbdk1qB0QU1b2g%3D%3D
Fresh Graduate Engineers (Saudi),Mohammad Al Habib Real Estate Co. | محمد الحبيب العقارية,"Riyadh, Saudi Arabia",https://sa.linkedin.com/jobs/view/fresh-graduate-engineers-saudi-at-mohammad-al-habib-real-estate-co-%D9%85%D8%AD%D9%85%D8%AF-%D8%A7%D9%84%D8%AD%D8%A8%D9%8A%D8%A8-%D8%A7%D9%84%D8%B9%D9%82%D8%A7%D8%B1%D9%8A%D8%A9-4305329281?position=32&pageNum=0&refId=r5Y2FXy8WQ4HVY%2BtCsVsKQ%3D%3D&trackingId=2eSfBtTozc3iBA0kejSwAQ%3D%3D
Enrollment verification specialist,Confidential Government,"Riyadh, Saudi Arabia",https://sa.linkedin.com/jobs/view/enrollment-verification-specialist-at-confidential-government-4310678146?position=33&pageNum=0&refId=r5Y2FXy8WQ4HVY%2BtCsVsKQ%3D%3D&trackingId=paFLyFGB61HbNmfqva6OGQ%3D%3D
Data Scientist (Fresh Grad) -  (Saudi National),Tarmeez Capital | ترميز المالية,"Riyadh, Riyadh, Saudi Arabia",https://sa.linkedin.com/jobs/view/data-scientist-fresh-grad-saudi-national-at-tarmeez-capital-%D8%AA%D8%B1%D9%85%D9%8A%D8%B2-%D8%A7%D9%84%D9%85%D8%A7%D9%84%D9%8A%D8%A9-4314078070?position=34&pageNum=0&refId=r5Y2FXy8WQ4HVY%2BtCsVsKQ%3D%3D&trackingId=TE6GwCRVIEH5j4nqTuR9gA%3D%3D
Data Management,Müller's Solutions,"Riyadh, Riyadh, Saudi Arabia",https://sa.linkedin.com/jobs/view/data-management-at-m%C3%BCller-s-solutions-4317052435?position=35&pageNum=0&refId=r5Y2FXy8WQ4HVY%2BtCsVsKQ%3D%3D&trackingId=ujl58L0%2FHA4qC4EuIlOOTg%3D%3D
Internship | Strategy and Transactions | Saudi Arabia,Deloitte,"Riyadh, Riyadh, Saudi Arabia",https://sa.linkedin.com/jobs/view/internship-strategy-and-transactions-saudi-arabia-at-deloitte-4295019204?position=36&pageNum=0&refId=r5Y2FXy8WQ4HVY%2BtCsVsKQ%3D%3D&trackingId=%2FCf6fHd%2B4nZaWJlVoPnzig%3D%3D
AI Director,Takamol Holding,"Riyadh, Riyadh, Saudi Arabia",https://sa.linkedin.com/jobs/view/ai-director-at-takamol-holding-4295693309?position=37&pageNum=0&refId=r5Y2FXy8WQ4HVY%2BtCsVsKQ%3D%3D&trackingId=290bbnMprzMvFjlt9TV%2F7Q%3D%3D
Sr. Cybersecurity Specialist,Confidential Government,"Riyadh, Saudi Arabia",https://sa.linkedin.com/jobs/view/sr-cybersecurity-specialist-at-confidential-government-4304520674?position=38&pageNum=0&refId=r5Y2FXy8WQ4HVY%2BtCsVsKQ%3D%3D&trackingId=znzlzEhEnEDOKF%2BpDNUrIQ%3D%3D
Business Analyst,Prime Manpower Resources Development Inc,"Riyadh, Saudi Arabia",https://sa.linkedin.com/jobs/view/business-analyst-at-prime-manpower-resources-development-inc-4308555385?position=39&pageNum=0&refId=r5Y2FXy8WQ4HVY%2BtCsVsKQ%3D%3D&trackingId=usolHjhVL%2BFrLbBovaPyIA%3D%3D
Financial Credit Analyst- KSA,Bank of Jordan,"Riyadh, Riyadh, Saudi Arabia",https://sa.linkedin.com/jobs/view/financial-credit-analyst-ksa-at-bank-of-jordan-4285662972?position=40&pageNum=0&refId=r5Y2FXy8WQ4HVY%2BtCsVsKQ%3D%3D&trackingId=ummmxcbZ5SDohdgKQiiwOQ%3D%3D
Datacenter Engineer,Tamkeen Technologies,"Riyadh, Riyadh, Saudi Arabia",https://sa.linkedin.com/jobs/view/datacenter-engineer-at-tamkeen-technologies-4292361955?position=41&pageNum=0&refId=r5Y2FXy8WQ4HVY%2BtCsVsKQ%3D%3D&trackingId=rNK9LDdE%2Bg596Ffa5eQ3xg%3D%3D
Application Support Associate Manager,EMKAN | إمكان,"Riyadh, Saudi Arabia",https://sa.linkedin.com/jobs/view/application-support-associate-manager-at-emkan-%D8%A5%D9%85%D9%83%D8%A7%D9%86-4315677775?position=42&pageNum=0&refId=r5Y2FXy8WQ4HVY%2BtCsVsKQ%3D%3D&trackingId=%2FW7IfnRBMenLnfQgV%2BZlQg%3D%3D
Outreach Specialist,Confidential Government,"Riyadh, Saudi Arabia",https://sa.linkedin.com/jobs/view/outreach-specialist-at-confidential-government-4310663957?position=43&pageNum=0&refId=r5Y2FXy8WQ4HVY%2BtCsVsKQ%3D%3D&trackingId=D%2BWkOHZR73k%2Bf%2BQcxeJtIw%3D%3D
AI Engineering Officer,Takamol Holding,"Riyadh, Riyadh, Saudi Arabia",https://sa.linkedin.com/jobs/view/ai-engineering-officer-at-takamol-holding-4295900112?position=44&pageNum=0&refId=r5Y2FXy8WQ4HVY%2BtCsVsKQ%3D%3D&trackingId=jasOFSOCU3OJauXQkUJYPw%3D%3D
Data Engineering Specialist,Takamol Holding,"Riyadh, Riyadh, Saudi Arabia",https://sa.linkedin.com/jobs/view/data-engineering-specialist-at-takamol-holding-4295686505?position=45&pageNum=0&refId=r5Y2FXy8WQ4HVY%2BtCsVsKQ%3D%3D&trackingId=KBFEBiwF9FZ4H%2FO91In%2FLw%3D%3D
Data Entry - Riyadh warehouse,NICE ONE | نايس ون,"Riyadh, Riyadh, Saudi Arabia",https://sa.linkedin.com/jobs/view/data-entry-riyadh-warehouse-at-nice-one-%D9%86%D8%A7%D9%8A%D8%B3-%D9%88%D9%86-4316606307?position=46&pageNum=0&refId=r5Y2FXy8WQ4HVY%2BtCsVsKQ%3D%3D&trackingId=ZK3lBLd5NofxXbxmX7mFPQ%3D%3D
Business Analyst,Ninja 🥷🏽 نينجا,"Riyadh, Riyadh, Saudi Arabia",https://sa.linkedin.com/jobs/view/business-analyst-at-ninja-%F0%9F%A5%B7%F0%9F%8F%BD-%D9%86%D9%8A%D9%86%D8%AC%D8%A7-4314320531?position=47&pageNum=0&refId=r5Y2FXy8WQ4HVY%2BtCsVsKQ%3D%3D&trackingId=efekOC3l5Q73ibhcRNvQBQ%3D%3D
Innovation Associate,KAUST (King Abdullah University of Science and Technology),"Makkah, Saudi Arabia",https://sa.linkedin.com/jobs/view/innovation-associate-at-kaust-king-abdullah-university-of-science-and-technology-4315655535?position=48&pageNum=0&refId=r5Y2FXy8WQ4HVY%2BtCsVsKQ%3D%3D&trackingId=G%2FZ%2FDbGiy5WWls1w6W%2FkPg%3D%3D
Strategy Analyst,ArcelorMittal Tubular Products Al-Jubail,"Al Khobar, Eastern, Saudi Arabia",https://sa.linkedin.com/jobs/view/strategy-analyst-at-arcelormittal-tubular-products-al-jubail-4308764239?position=49&pageNum=0&refId=r5Y2FXy8WQ4HVY%2BtCsVsKQ%3D%3D&trackingId=2WKhaM9Db92KsePnesmhxQ%3D%3D
Executive Director- Marketing and Communications,Confidential Government,"Riyadh, Saudi Arabia",https://sa.linkedin.com/jobs/view/executive-director-marketing-and-communications-at-confidential-government-4310664551?position=50&pageNum=0&refId=r5Y2FXy8WQ4HVY%2BtCsVsKQ%3D%3D&trackingId=SuADhQ8oLLfnufiTolntoA%3D%3D
Partnership Management Manager,Confidential Government,"Riyadh, Saudi Arabia",https://sa.linkedin.com/jobs/view/partnership-management-manager-at-confidential-government-4309972510?position=51&pageNum=0&refId=r5Y2FXy8WQ4HVY%2BtCsVsKQ%3D%3D&trackingId=Gi%2BAiqyNFsR6GHaJDIVPXw%3D%3D
Fixed Assets Section Head,Saudi Railway Company,"Riyadh, Saudi Arabia",https://sa.linkedin.com/jobs/view/fixed-assets-section-head-at-saudi-railway-company-4309963200?position=52&pageNum=0&refId=r5Y2FXy8WQ4HVY%2BtCsVsKQ%3D%3D&trackingId=bqqBNlObQlXAZbbBlPUS5A%3D%3D
Business Analyst,Emdad By Elm,"Jeddah, Makkah, Saudi Arabia",https://sa.linkedin.com/jobs/view/business-analyst-at-emdad-by-elm-4306385700?position=53&pageNum=0&refId=r5Y2FXy8WQ4HVY%2BtCsVsKQ%3D%3D&trackingId=BTKtLNBztXJL1gd9TMrq7g%3D%3D
Data Entry,Abunayyan Holding,"Riyadh, Saudi Arabia",https://sa.linkedin.com/jobs/view/data-entry-at-abunayyan-holding-4316886864?position=54&pageNum=0&refId=r5Y2FXy8WQ4HVY%2BtCsVsKQ%3D%3D&trackingId=7Ce6IW6FfmdGLObLxi69AQ%3D%3D
Business Analyst,Müller's Solutions,"Riyadh, Riyadh, Saudi Arabia",https://sa.linkedin.com/jobs/view/business-analyst-at-m%C3%BCller-s-solutions-4280933705?position=55&pageNum=0&refId=r5Y2FXy8WQ4HVY%2BtCsVsKQ%3D%3D&trackingId=lx7juZDEO7KR6ob%2FuopIjw%3D%3D
Data Architect,Müller's Solutions,"Riyadh, Riyadh, Saudi Arabia",https://sa.linkedin.com/jobs/view/data-architect-at-m%C3%BCller-s-solutions-4317059332?position=56&pageNum=0&refId=r5Y2FXy8WQ4HVY%2BtCsVsKQ%3D%3D&trackingId=FZ32NNh0h%2BbnIApsKbibrg%3D%3D
Data Scientist,Müller's Solutions,"Riyadh, Riyadh, Saudi Arabia",https://sa.linkedin.com/jobs/view/data-scientist-at-m%C3%BCller-s-solutions-4283160862?position=57&pageNum=0&refId=r5Y2FXy8WQ4HVY%2BtCsVsKQ%3D%3D&trackingId=VoTO3bb2qMPCeFpJlj2txA%3D%3D
Vision Realization Office - Officer/Analyst (OS),Saudi Railway Company,"Riyadh, Saudi Arabia",https://sa.linkedin.com/jobs/view/vision-realization-office-officer-analyst-os-at-saudi-railway-company-4313886000?position=58&pageNum=0&refId=r5Y2FXy8WQ4HVY%2BtCsVsKQ%3D%3D&trackingId=xYyzi7OxDYDVM9L%2FglPWWQ%3D%3D
Planner,Almarai - المراعي,"Al Kharj, Riyadh, Saudi Arabia",https://sa.linkedin.com/jobs/view/planner-at-almarai-%D8%A7%D9%84%D9%85%D8%B1%D8%A7%D8%B9%D9%8A-4308406036?position=59&pageNum=0&refId=r5Y2FXy8WQ4HVY%2BtCsVsKQ%3D%3D&trackingId=dupaEHaSlyLNKUe04eP5mg%3D%3D
Reporting Analyst,HCLTech,"Riyadh, Saudi Arabia",https://sa.linkedin.com/jobs/view/reporting-analyst-at-hcltech-4315548687?position=60&pageNum=0&refId=r5Y2FXy8WQ4HVY%2BtCsVsKQ%3D%3D&trackingId=04q%2FNszrdq2vhogKir7cKQ%3D%3D
Data Analyst,Saudi Credit Bureau - SIMAH,"Riyadh, Saudi Arabia",https://sa.linkedin.com/jobs/view/data-analyst-at-saudi-credit-bureau-simah-4308760118?position=1&pageNum=0&refId=fNxr5cFWeUZC5QeDRxePNw%3D%3D&trackingId=dBCjJa33yOakhwXBZlFfBw%3D%3D
Senior Product Analyst,Takamol Holding,"Riyadh, Saudi Arabia",https://sa.linkedin.com/jobs/view/senior-product-analyst-at-takamol-holding-4303342089?position=2&pageNum=0&refId=fNxr5cFWeUZC5QeDRxePNw%3D%3D&trackingId=HxGCzKKpOIF8SMjW5L4J0w%3D%3D
Data Scientist,EjadTech - إيجاد التقنية,"Riyadh, Saudi Arabia",https://sa.linkedin.com/jobs/view/data-scientist-at-ejadtech-%D8%A5%D9%8A%D8%AC%D8%A7%D8%AF-%D8%A7%D9%84%D8%AA%D9%82%D9%86%D9%8A%D8%A9-4306092602?position=3&pageNum=0&refId=fNxr5cFWeUZC5QeDRxePNw%3D%3D&trackingId=Kcqf8piRF8Yg02oNmttHzQ%3D%3D
Junior Software Engineer,Batterjee Medical College,"Mecca, Makkah, Saudi Arabia",https://sa.linkedin.com/jobs/view/junior-software-engineer-at-batterjee-medical-college-4316603154?position=4&pageNum=0&refId=fNxr5cFWeUZC5QeDRxePNw%3D%3D&trackingId=3t0IJp1ThB6MWqTipPkiUQ%3D%3D
Datacenter Engineer,Tamkeen Technologies,"Riyadh, Riyadh, Saudi Arabia",https://sa.linkedin.com/jobs/view/datacenter-engineer-at-tamkeen-technologies-4292361955?position=5&pageNum=0&refId=fNxr5cFWeUZC5QeDRxePNw%3D%3D&trackingId=hCvhYX4cm9V%2FnV3Drt%2FzGA%3D%3D
Fresh Engineer ABS,alfanar,"Riyadh, Riyadh, Saudi Arabia",https://sa.linkedin.com/jobs/view/fresh-engineer-abs-at-alfanar-4309191547?position=6&pageNum=0&refId=fNxr5cFWeUZC5QeDRxePNw%3D%3D&trackingId=zjowkFjRMrV30svswh4jaA%3D%3D
Fresh Graduate Engineers (Saudi),Mohammad Al Habib Real Estate Co. | محمد الحبيب العقارية,"Riyadh, Saudi Arabia",https://sa.linkedin.com/jobs/view/fresh-graduate-engineers-saudi-at-mohammad-al-habib-real-estate-co-%D9%85%D8%AD%D9%85%D8%AF-%D8%A7%D9%84%D8%AD%D8%A8%D9%8A%D8%A8-%D8%A7%D9%84%D8%B9%D9%82%D8%A7%D8%B1%D9%8A%D8%A9-4305329281?position=7&pageNum=0&refId=fNxr5cFWeUZC5QeDRxePNw%3D%3D&trackingId=VTekZyv%2BLrhaTLPPXKUXKA%3D%3D
Business Analyst,HALA,"Riyadh, Riyadh, Saudi Arabia",https://sa.linkedin.com/jobs/view/business-analyst-at-hala-4308184243?position=8&pageNum=0&refId=fNxr5cFWeUZC5QeDRxePNw%3D%3D&trackingId=IZCgaFoaMHhGuUalf0n%2F0w%3D%3D
AI Engineering Officer,Takamol Holding,"Riyadh, Riyadh, Saudi Arabia",https://sa.linkedin.com/jobs/view/ai-engineering-officer-at-takamol-holding-4295900112?position=9&pageNum=0&refId=fNxr5cFWeUZC5QeDRxePNw%3D%3D&trackingId=xPYWjJ2G9FztlRFP%2B1PpyA%3D%3D
Graduate Trainee - Saudi Arabia,Nokia,"Riyadh, Riyadh, Saudi Arabia",https://sa.linkedin.com/jobs/view/graduate-trainee-saudi-arabia-at-nokia-4306512965?position=10&pageNum=0&refId=fNxr5cFWeUZC5QeDRxePNw%3D%3D&trackingId=xW1x7E4lVeiQrjWPGXf%2B8w%3D%3D
Product Senior Analyst,EMKAN | إمكان,"Riyadh, Saudi Arabia",https://sa.linkedin.com/jobs/view/product-senior-analyst-at-emkan-%D8%A5%D9%85%D9%83%D8%A7%D9%86-4309450085?position=11&pageNum=0&refId=fNxr5cFWeUZC5QeDRxePNw%3D%3D&trackingId=Cq2iOwMF6YtTrftgl6FK5w%3D%3D
Data Engineer -(Fresh Grad)- (Saudi National),Tarmeez Capital | ترميز المالية,"Riyadh, Riyadh, Saudi Arabia",https://sa.linkedin.com/jobs/view/data-engineer-fresh-grad-saudi-national-at-tarmeez-capital-%D8%AA%D8%B1%D9%85%D9%8A%D8%B2-%D8%A7%D9%84%D9%85%D8%A7%D9%84%D9%8A%D8%A9-4316426428?position=12&pageNum=0&refId=fNxr5cFWeUZC5QeDRxePNw%3D%3D&trackingId=gs5zxHNpGcYza%2F2o11MhEg%3D%3D
AI Director,Takamol Holding,"Riyadh, Riyadh, Saudi Arabia",https://sa.linkedin.com/jobs/view/ai-director-at-takamol-holding-4295693309?position=13&pageNum=0&refId=fNxr5cFWeUZC5QeDRxePNw%3D%3D&trackingId=sAAwTvvBwuUTzUlUToF5gg%3D%3D
Sr. Cybersecurity Specialist,Confidential Government,"Riyadh, Saudi Arabia",https://sa.linkedin.com/jobs/view/sr-cybersecurity-specialist-at-confidential-government-4304520674?position=14&pageNum=0&refId=fNxr5cFWeUZC5QeDRxePNw%3D%3D&trackingId=1VUPsBh4PQWF4%2BwYt0y7Gw%3D%3D
Junior Software Engineer,Supertech Innovation Labs,"Riyadh, Riyadh, Saudi Arabia",https://sa.linkedin.com/jobs/view/junior-software-engineer-at-supertech-innovation-labs-4281478858?position=15&pageNum=0&refId=fNxr5cFWeUZC5QeDRxePNw%3D%3D&trackingId=CFyBb7LJhlxEogTlm3th7g%3D%3D
R&D Software Engineer,ABANA Enterprises Group Co.,"Riyadh, Riyadh, Saudi Arabia",https://sa.linkedin.com/jobs/view/r-d-software-engineer-at-abana-enterprises-group-co-4311502910?position=16&pageNum=0&refId=fNxr5cFWeUZC5QeDRxePNw%3D%3D&trackingId=akTGLT9K14OUMYYfgDAlTw%3D%3D
Team Leader – Data Analytics,Riyadh Development Company | شركة الرياض للتعمير,"Riyadh, Saudi Arabia",https://sa.linkedin.com/jobs/view/team-leader-%E2%80%93-data-analytics-at-riyadh-development-company-%D8%B4%D8%B1%D9%83%D8%A9-%D8%A7%D9%84%D8%B1%D9%8A%D8%A7%D8%B6-%D9%84%D9%84%D8%AA%D8%B9%D9%85%D9%8A%D8%B1-4309608118?position=17&pageNum=0&refId=fNxr5cFWeUZC5QeDRxePNw%3D%3D&trackingId=kpCTs9oN%2FHvl3UjBIwzHTQ%3D%3D
Data Scientist (Fresh Grad) -  (Saudi National),Tarmeez Capital | ترميز المالية,"Riyadh, Riyadh, Saudi Arabia",https://sa.linkedin.com/jobs/view/data-scientist-fresh-grad-saudi-national-at-tarmeez-capital-%D8%AA%D8%B1%D9%85%D9%8A%D8%B2-%D8%A7%D9%84%D9%85%D8%A7%D9%84%D9%8A%D8%A9-4314078070?position=18&pageNum=0&refId=fNxr5cFWeUZC5QeDRxePNw%3D%3D&trackingId=VFqhD2hxBddgxK7VGW4y7A%3D%3D
Data Analyst (Fraud Protection),Group-IB,"Riyadh, Saudi Arabia",https://sa.linkedin.com/jobs/view/data-analyst-fraud-protection-at-group-ib-4306554135?position=19&pageNum=0&refId=fNxr5cFWeUZC5QeDRxePNw%3D%3D&trackingId=O6nN7SggtI1%2F0kFMtxbEVQ%3D%3D
Software Quality Engineer,Tamkeen Technologies,"Riyadh, Riyadh, Saudi Arabia",https://sa.linkedin.com/jobs/view/software-quality-engineer-at-tamkeen-technologies-4306338611?position=20&pageNum=0&refId=fNxr5cFWeUZC5QeDRxePNw%3D%3D&trackingId=wf8rcv9qNqQci11uR70Oeg%3D%3D
Data Scientist,Müller's Solutions,"Riyadh, Riyadh, Saudi Arabia",https://sa.linkedin.com/jobs/view/data-scientist-at-m%C3%BCller-s-solutions-4283160862?position=21&pageNum=0&refId=fNxr5cFWeUZC5QeDRxePNw%3D%3D&trackingId=%2BANsJnziYFOFryjMOYYBBQ%3D%3D
Strategy Analyst,ArcelorMittal Tubular Products Al-Jubail,"Al Khobar, Eastern, Saudi Arabia",https://sa.linkedin.com/jobs/view/strategy-analyst-at-arcelormittal-tubular-products-al-jubail-4308764239?position=22&pageNum=0&refId=fNxr5cFWeUZC5QeDRxePNw%3D%3D&trackingId=Le0pol6ez8qNrR%2FtkM9PXA%3D%3D
Reporting Analyst,HCLTech,"Riyadh, Saudi Arabia",https://sa.linkedin.com/jobs/view/reporting-analyst-at-hcltech-4315548687?position=23&pageNum=0&refId=fNxr5cFWeUZC5QeDRxePNw%3D%3D&trackingId=lYwiWW0YRYzP1m5BXDiQPg%3D%3D
Facility & Maintenance Engineer,NEOM S.C.,"Tabuk, Saudi Arabia",https://sa.linkedin.com/jobs/view/facility-maintenance-engineer-at-neom-s-c-4311997502?position=24&pageNum=0&refId=fNxr5cFWeUZC5QeDRxePNw%3D%3D&trackingId=pQHL%2BZUvStSYd5uSgCPz3w%3D%3D
Internship | Strategy and Transactions | Saudi Arabia,Deloitte,"Riyadh, Riyadh, Saudi Arabia",https://sa.linkedin.com/jobs/view/internship-strategy-and-transactions-saudi-arabia-at-deloitte-4295019204?position=25&pageNum=0&refId=fNxr5cFWeUZC5QeDRxePNw%3D%3D&trackingId=0RFmX7i4JFqyre6zak4uDw%3D%3D
React Developer,Tamkeen Technologies,"Riyadh, Riyadh, Saudi Arabia",https://sa.linkedin.com/jobs/view/react-developer-at-tamkeen-technologies-4290692214?position=26&pageNum=0&refId=fNxr5cFWeUZC5QeDRxePNw%3D%3D&trackingId=bjldjzRjRdKtYFrd9XlRuA%3D%3D
Co-op,Riyadh Air | طيران الرياض,Riyadh Region,https://sa.linkedin.com/jobs/view/co-op-at-riyadh-air-%D8%B7%D9%8A%D8%B1%D8%A7%D9%86-%D8%A7%D9%84%D8%B1%D9%8A%D8%A7%D8%B6-4311872699?position=27&pageNum=0&refId=fNxr5cFWeUZC5QeDRxePNw%3D%3D&trackingId=6RhkL7qqA78aIh4XAUZCdg%3D%3D
Business Analyst,Ninja 🥷🏽 نينجا,"Riyadh, Riyadh, Saudi Arabia",https://sa.linkedin.com/jobs/view/business-analyst-at-ninja-%F0%9F%A5%B7%F0%9F%8F%BD-%D9%86%D9%8A%D9%86%D8%AC%D8%A7-4314320531?position=28&pageNum=0&refId=fNxr5cFWeUZC5QeDRxePNw%3D%3D&trackingId=oVJ0YQu92AA%2FilP3tK5qzA%3D%3D
Operations Associate,Christian Dior Couture,"Riyadh, Riyadh, Saudi Arabia",https://sa.linkedin.com/jobs/view/operations-associate-at-christian-dior-couture-4301782219?position=29&pageNum=0&refId=fNxr5cFWeUZC5QeDRxePNw%3D%3D&trackingId=QeYHgFWvEkuOVFs8W6AOkA%3D%3D
Data Engineer (Saudi-based only),Lucidya | لوسيديا,"Riyadh, Riyadh, Saudi Arabia",https://sa.linkedin.com/jobs/view/data-engineer-saudi-based-only-at-lucidya-%D9%84%D9%88%D8%B3%D9%8A%D8%AF%D9%8A%D8%A7-4303990832?position=30&pageNum=0&refId=fNxr5cFWeUZC5QeDRxePNw%3D%3D&trackingId=rcGCA0EnZInkF73aZfMDjw%3D%3D
Data Analyst,Keeta,"Riyadh, Saudi Arabia",https://sa.linkedin.com/jobs/view/data-analyst-at-keeta-4310952233?position=31&pageNum=0&refId=fNxr5cFWeUZC5QeDRxePNw%3D%3D&trackingId=EoPsPT5qQ91Fj6gLOh4QSQ%3D%3D
Environmental Engineer,The Coca-Cola Bottling Company of Saudi Arabia,"Ushairat Sudair, Riyadh, Saudi Arabia",https://sa.linkedin.com/jobs/view/environmental-engineer-at-the-coca-cola-bottling-company-of-saudi-arabia-4303574930?position=32&pageNum=0&refId=fNxr5cFWeUZC5QeDRxePNw%3D%3D&trackingId=5PB5lml09IkRX8VHrmKt2g%3D%3D
Data Analyst.,Master Works,"Riyadh, Riyadh, Saudi Arabia",https://sa.linkedin.com/jobs/view/data-analyst-at-master-works-4281924211?position=33&pageNum=0&refId=fNxr5cFWeUZC5QeDRxePNw%3D%3D&trackingId=PROgOvNr%2BSiNqW9x%2F80LNQ%3D%3D
Engineer I,Marriott International,Saudi Arabia,https://sa.linkedin.com/jobs/view/engineer-i-at-marriott-international-4255267276?position=34&pageNum=0&refId=fNxr5cFWeUZC5QeDRxePNw%3D%3D&trackingId=G%2FUrRMI6%2BWeoRrtgp5DALg%3D%3D
Language Data Analyst,Trendyol Group,"Riyadh, Saudi Arabia",https://sa.linkedin.com/jobs/view/language-data-analyst-at-trendyol-group-4304864833?position=35&pageNum=0&refId=fNxr5cFWeUZC5QeDRxePNw%3D%3D&trackingId=8E6K7TD1AWrzR9zG4%2BLG1Q%3D%3D
Work from Home Saudi Arabia,TELUS Digital,"Layla, Riyadh, Saudi Arabia",https://sa.linkedin.com/jobs/view/work-from-home-saudi-arabia-at-telus-digital-4250407964?position=36&pageNum=0&refId=fNxr5cFWeUZC5QeDRxePNw%3D%3D&trackingId=SQymsqqYYXotLHcOGZmU9Q%3D%3D
Engineer I,Marriott International,Saudi Arabia,https://sa.linkedin.com/jobs/view/engineer-i-at-marriott-international-4300253328?position=37&pageNum=0&refId=fNxr5cFWeUZC5QeDRxePNw%3D%3D&trackingId=2%2F0Kd77%2FG%2F3nzz%2B2135eDA%3D%3D
Data Science and Reporting Section Head,Saudi Air Navigation Services,"Jeddah, Makkah, Saudi Arabia",https://sa.linkedin.com/jobs/view/data-science-and-reporting-section-head-at-saudi-air-navigation-services-4310348004?position=38&pageNum=0&refId=fNxr5cFWeUZC5QeDRxePNw%3D%3D&trackingId=gtF%2BbEhWc3oRAWNVDiLJlQ%3D%3D
Data Analyst,IHCC,"Jeddah, Makkah, Saudi Arabia",https://sa.linkedin.com/jobs/view/data-analyst-at-ihcc-4314354758?position=39&pageNum=0&refId=fNxr5cFWeUZC5QeDRxePNw%3D%3D&trackingId=61G2PMDKWnomCVSW6qpUJg%3D%3D
Junior Customer Experience Operations Analyst,Lucidya | لوسيديا,"Riyadh, Riyadh, Saudi Arabia",https://sa.linkedin.com/jobs/view/junior-customer-experience-operations-analyst-at-lucidya-%D9%84%D9%88%D8%B3%D9%8A%D8%AF%D9%8A%D8%A7-4283771757?position=40&pageNum=0&refId=fNxr5cFWeUZC5QeDRxePNw%3D%3D&trackingId=nkz2WUcuXyoZa4iSvmc8PA%3D%3D
Business Analyst,Prime Manpower Resources Development Inc,"Riyadh, Saudi Arabia",https://sa.linkedin.com/jobs/view/business-analyst-at-prime-manpower-resources-development-inc-4308555385?position=41&pageNum=0&refId=fNxr5cFWeUZC5QeDRxePNw%3D%3D&trackingId=Fok8lADdAg71UbqFcTgtZg%3D%3D
Business Analyst,Müller's Solutions,"Riyadh, Riyadh, Saudi Arabia",https://sa.linkedin.com/jobs/view/business-analyst-at-m%C3%BCller-s-solutions-4280933705?position=42&pageNum=0&refId=fNxr5cFWeUZC5QeDRxePNw%3D%3D&trackingId=yGOy268NiY4gFmHCj1CDSw%3D%3D
Business Analyst,Supertech Innovation Labs,"Riyadh, Riyadh, Saudi Arabia",https://sa.linkedin.com/jobs/view/business-analyst-at-supertech-innovation-labs-4285309604?position=43&pageNum=0&refId=fNxr5cFWeUZC5QeDRxePNw%3D%3D&trackingId=HApg00zIUpZurZ7mhufhOg%3D%3D
Project Management Trainee,Envision Energy,"Riyadh, Saudi Arabia",https://sa.linkedin.com/jobs/view/project-management-trainee-at-envision-energy-4293807223?position=44&pageNum=0&refId=fNxr5cFWeUZC5QeDRxePNw%3D%3D&trackingId=iMuw%2BbHkGUKS0t9ZU%2FgZ1w%3D%3D
AI Engineer (Saudi Only),Lucidya | لوسيديا,"Riyadh, Riyadh, Saudi Arabia",https://sa.linkedin.com/jobs/view/ai-engineer-saudi-only-at-lucidya-%D9%84%D9%88%D8%B3%D9%8A%D8%AF%D9%8A%D8%A7-4303995831?position=45&pageNum=0&refId=fNxr5cFWeUZC5QeDRxePNw%3D%3D&trackingId=jMVe368zDb2E2mmWs6EE%2Bw%3D%3D
Data Scientist,TAWANTECH,"Riyadh, Riyadh, Saudi Arabia",https://sa.linkedin.com/jobs/view/data-scientist-at-tawantech-4313924280?position=46&pageNum=0&refId=fNxr5cFWeUZC5QeDRxePNw%3D%3D&trackingId=XQE%2FWqCCkbMA%2FgRHvL3MYA%3D%3D
Data Analyst Lead,ترشيد | TARSHID,"Riyadh, Saudi Arabia",https://sa.linkedin.com/jobs/view/data-analyst-lead-at-%D8%AA%D8%B1%D8%B4%D9%8A%D8%AF-tarshid-4304877990?position=47&pageNum=0&refId=fNxr5cFWeUZC5QeDRxePNw%3D%3D&trackingId=6aSaL1U8uO%2BJZfY8rO7ZCg%3D%3D
Data Analyst,Master Works,"Riyadh, Riyadh, Saudi Arabia",https://sa.linkedin.com/jobs/view/data-analyst-at-master-works-4285348698?position=48&pageNum=0&refId=fNxr5cFWeUZC5QeDRxePNw%3D%3D&trackingId=92EaqI1NczNz7LDPDAfITA%3D%3D
Engineer I,Marriott International,Saudi Arabia,https://sa.linkedin.com/jobs/view/engineer-i-at-marriott-international-4299086040?position=49&pageNum=0&refId=fNxr5cFWeUZC5QeDRxePNw%3D%3D&trackingId=727KfwGb%2BR72%2FjpZWPVu%2FQ%3D%3D
Business Analyst,700apps,"Riyadh, Riyadh, Saudi Arabia",https://sa.linkedin.com/jobs/view/business-analyst-at-700apps-4291882735?position=50&pageNum=0&refId=fNxr5cFWeUZC5QeDRxePNw%3D%3D&trackingId=LurHM3fVuKcmi0gcXWSChg%3D%3D
Business Analyst,Master Works,"Riyadh, Riyadh, Saudi Arabia",https://sa.linkedin.com/jobs/view/business-analyst-at-master-works-4268587556?position=51&pageNum=0&refId=fNxr5cFWeUZC5QeDRxePNw%3D%3D&trackingId=11fZbd1p7IOyFmQp0k1h3g%3D%3D
Software Engineer - Backend (Saudi Only),Lucidya | لوسيديا,"Riyadh, Riyadh, Saudi Arabia",https://sa.linkedin.com/jobs/view/software-engineer-backend-saudi-only-at-lucidya-%D9%84%D9%88%D8%B3%D9%8A%D8%AF%D9%8A%D8%A7-4305999524?position=52&pageNum=0&refId=fNxr5cFWeUZC5QeDRxePNw%3D%3D&trackingId=%2B7TNw0kFA2ihhlgEsubKwQ%3D%3D
Data Engineer (Saudi-based only),Lucidya | لوسيديا,"Jiddah, Makkah, Saudi Arabia",https://sa.linkedin.com/jobs/view/data-engineer-saudi-based-only-at-lucidya-%D9%84%D9%88%D8%B3%D9%8A%D8%AF%D9%8A%D8%A7-4304100770?position=53&pageNum=0&refId=fNxr5cFWeUZC5QeDRxePNw%3D%3D&trackingId=iinNPItJ84qMtjwRZOs0LQ%3D%3D
Business Analyst,Emdad By Elm,"Jeddah, Makkah, Saudi Arabia",https://sa.linkedin.com/jobs/view/business-analyst-at-emdad-by-elm-4306385700?position=54&pageNum=0&refId=fNxr5cFWeUZC5QeDRxePNw%3D%3D&trackingId=kVgn0IXeISVioGF%2BrcRlKA%3D%3D
IT Security Operations Expert,Takamol Holding,"Riyadh, Saudi Arabia",https://sa.linkedin.com/jobs/view/it-security-operations-expert-at-takamol-holding-4303313787?position=55&pageNum=0&refId=fNxr5cFWeUZC5QeDRxePNw%3D%3D&trackingId=gA3gMd%2Br66H6rB4qBeZD%2BQ%3D%3D
AI Engineer,Lucidya | لوسيديا,Saudi Arabia,https://sa.linkedin.com/jobs/view/ai-engineer-at-lucidya-%D9%84%D9%88%D8%B3%D9%8A%D8%AF%D9%8A%D8%A7-4285600000?position=56&pageNum=0&refId=fNxr5cFWeUZC5QeDRxePNw%3D%3D&trackingId=aKWxoXp%2FUtGuXiO%2BFjXbGQ%3D%3D
Data Scientist,Salla,"Jiddah, Makkah, Saudi Arabia",https://sa.linkedin.com/jobs/view/data-scientist-at-salla-4284460769?position=57&pageNum=0&refId=fNxr5cFWeUZC5QeDRxePNw%3D%3D&trackingId=AJ2SG3mInRBfHkA%2BF4NZJA%3D%3D
Engineer I,Marriott International,Saudi Arabia,https://sa.linkedin.com/jobs/view/engineer-i-at-marriott-international-4300250331?position=58&pageNum=0&refId=fNxr5cFWeUZC5QeDRxePNw%3D%3D&trackingId=q3FnXseI5b1rgl4TZOPS8g%3D%3D
Integration Manager,Tamkeen Technologies,"Riyadh, Riyadh, Saudi Arabia",https://sa.linkedin.com/jobs/view/integration-manager-at-tamkeen-technologies-4266730101?position=59&pageNum=0&refId=fNxr5cFWeUZC5QeDRxePNw%3D%3D&trackingId=wkQCAIxgRIXzn6zpQDD%2B2A%3D%3D
Engineer I,Marriott International,Saudi Arabia,https://sa.linkedin.com/jobs/view/engineer-i-at-marriott-international-4300254287?position=60&pageNum=0&refId=fNxr5cFWeUZC5QeDRxePNw%3D%3D&trackingId=2CgEvRWWG37Wx%2BFFMu%2FXHA%3D%3D
Data Analyst,Saudi Credit Bureau - SIMAH,"Riyadh, Saudi Arabia",https://sa.linkedin.com/jobs/view/data-analyst-at-saudi-credit-bureau-simah-4308760118?position=1&pageNum=0&refId=ixLHectiY5HVxigZroaP%2Bw%3D%3D&trackingId=aGNs7zbwOmkpqwRCW2g%2Fpg%3D%3D
Data Scientist,EjadTech - إيجاد التقنية,"Riyadh, Saudi Arabia",https://sa.linkedin.com/jobs/view/data-scientist-at-ejadtech-%D8%A5%D9%8A%D8%AC%D8%A7%D8%AF-%D8%A7%D9%84%D8%AA%D9%82%D9%86%D9%8A%D8%A9-4306092602?position=2&pageNum=0&refId=ixLHectiY5HVxigZroaP%2Bw%3D%3D&trackingId=Yq4A5mZPKZO87eQoCiBQmA%3D%3D
Fresh Engineer ABS,alfanar,"Riyadh, Riyadh, Saudi Arabia",https://sa.linkedin.com/jobs/view/fresh-engineer-abs-at-alfanar-4309191547?position=3&pageNum=0&refId=ixLHectiY5HVxigZroaP%2Bw%3D%3D&trackingId=Roi1QDCyHNXyfXkyUet0Xw%3D%3D
Datacenter Engineer,Tamkeen Technologies,"Riyadh, Riyadh, Saudi Arabia",https://sa.linkedin.com/jobs/view/datacenter-engineer-at-tamkeen-technologies-4292361955?position=4&pageNum=0&refId=ixLHectiY5HVxigZroaP%2Bw%3D%3D&trackingId=Dwngj%2FIHQWxErlO%2FQuj5%2BA%3D%3D
Fresh Graduate Engineers (Saudi),Mohammad Al Habib Real Estate Co. | محمد الحبيب العقارية,"Riyadh, Saudi Arabia",https://sa.linkedin.com/jobs/view/fresh-graduate-engineers-saudi-at-mohammad-al-habib-real-estate-co-%D9%85%D8%AD%D9%85%D8%AF-%D8%A7%D9%84%D8%AD%D8%A8%D9%8A%D8%A8-%D8%A7%D9%84%D8%B9%D9%82%D8%A7%D8%B1%D9%8A%D8%A9-4305329281?position=5&pageNum=0&refId=ixLHectiY5HVxigZroaP%2Bw%3D%3D&trackingId=tDkluzg0CAkbEqqka2pXFw%3D%3D
Business Analyst,HALA,"Riyadh, Riyadh, Saudi Arabia",https://sa.linkedin.com/jobs/view/business-analyst-at-hala-4308184243?position=6&pageNum=0&refId=ixLHectiY5HVxigZroaP%2Bw%3D%3D&trackingId=P6TWBnU3CuRxDCAInytjfA%3D%3D
AI Engineering Officer,Takamol Holding,"Riyadh, Riyadh, Saudi Arabia",https://sa.linkedin.com/jobs/view/ai-engineering-officer-at-takamol-holding-4295900112?position=7&pageNum=0&refId=ixLHectiY5HVxigZroaP%2Bw%3D%3D&trackingId=DynKVrgGV0JrtMwf1n0vMw%3D%3D
Graduate Trainee - Saudi Arabia,Nokia,"Riyadh, Riyadh, Saudi Arabia",https://sa.linkedin.com/jobs/view/graduate-trainee-saudi-arabia-at-nokia-4306512965?position=8&pageNum=0&refId=ixLHectiY5HVxigZroaP%2Bw%3D%3D&trackingId=Pt7zSYu4EPJwgXqT7RsI%2Fw%3D%3D
Product Senior Analyst,EMKAN | إمكان,"Riyadh, Saudi Arabia",https://sa.linkedin.com/jobs/view/product-senior-analyst-at-emkan-%D8%A5%D9%85%D9%83%D8%A7%D9%86-4309450085?position=9&pageNum=0&refId=ixLHectiY5HVxigZroaP%2Bw%3D%3D&trackingId=cMBeE3S2fen143v5oxT0kw%3D%3D
Senior Project Engineer - Planning,Confidential Government,"Riyadh, Saudi Arabia",https://sa.linkedin.com/jobs/view/senior-project-engineer-planning-at-confidential-government-4317577605?position=10&pageNum=0&refId=ixLHectiY5HVxigZroaP%2Bw%3D%3D&trackingId=32xNxv1AFNRRcHJPz3JqnA%3D%3D
AI Researcher,Lucidya | لوسيديا,"Riyadh, Riyadh, Saudi Arabia",https://sa.linkedin.com/jobs/view/ai-researcher-at-lucidya-%D9%84%D9%88%D8%B3%D9%8A%D8%AF%D9%8A%D8%A7-4317804094?position=11&pageNum=0&refId=ixLHectiY5HVxigZroaP%2Bw%3D%3D&trackingId=J4oZkkxXSUSM9K8hUPIjkA%3D%3D
Sr. Cybersecurity Specialist,Confidential Government,"Riyadh, Saudi Arabia",https://sa.linkedin.com/jobs/view/sr-cybersecurity-specialist-at-confidential-government-4304520674?position=12&pageNum=0&refId=ixLHectiY5HVxigZroaP%2Bw%3D%3D&trackingId=8zqaSDFlISKe7daNvmggYw%3D%3D
AI Director,Takamol Holding,"Riyadh, Riyadh, Saudi Arabia",https://sa.linkedin.com/jobs/view/ai-director-at-takamol-holding-4295693309?position=13&pageNum=0&refId=ixLHectiY5HVxigZroaP%2Bw%3D%3D&trackingId=drOAH%2FiPsnue6zzHKqA58w%3D%3D
Junior Software Engineer,Supertech Innovation Labs,"Riyadh, Riyadh, Saudi Arabia",https://sa.linkedin.com/jobs/view/junior-software-engineer-at-supertech-innovation-labs-4281478858?position=14&pageNum=0&refId=ixLHectiY5HVxigZroaP%2Bw%3D%3D&trackingId=HWjDtO88sAnyqTnwDWS52A%3D%3D
R&D Software Engineer,ABANA Enterprises Group Co.,"Riyadh, Riyadh, Saudi Arabia",https://sa.linkedin.com/jobs/view/r-d-software-engineer-at-abana-enterprises-group-co-4311502910?position=15&pageNum=0&refId=ixLHectiY5HVxigZroaP%2Bw%3D%3D&trackingId=Uag%2BhjBPnqdFktDr6eWD9w%3D%3D
Team Leader – Data Analytics,Riyadh Development Company | شركة الرياض للتعمير,"Riyadh, Saudi Arabia",https://sa.linkedin.com/jobs/view/team-leader-%E2%80%93-data-analytics-at-riyadh-development-company-%D8%B4%D8%B1%D9%83%D8%A9-%D8%A7%D9%84%D8%B1%D9%8A%D8%A7%D8%B6-%D9%84%D9%84%D8%AA%D8%B9%D9%85%D9%8A%D8%B1-4309608118?position=16&pageNum=0&refId=ixLHectiY5HVxigZroaP%2Bw%3D%3D&trackingId=HR01qv%2BtHzwjML2nAe%2BRJA%3D%3D
Data Scientist (Fresh Grad) -  (Saudi National),Tarmeez Capital | ترميز المالية,"Riyadh, Riyadh, Saudi Arabia",https://sa.linkedin.com/jobs/view/data-scientist-fresh-grad-saudi-national-at-tarmeez-capital-%D8%AA%D8%B1%D9%85%D9%8A%D8%B2-%D8%A7%D9%84%D9%85%D8%A7%D9%84%D9%8A%D8%A9-4314078070?position=17&pageNum=0&refId=ixLHectiY5HVxigZroaP%2Bw%3D%3D&trackingId=EtwXKjnx8G%2BEeOQ1PKoTSA%3D%3D
Data Engineer -(Fresh Grad)- (Saudi National),Tarmeez Capital | ترميز المالية,"Riyadh, Riyadh, Saudi Arabia",https://sa.linkedin.com/jobs/view/data-engineer-fresh-grad-saudi-national-at-tarmeez-capital-%D8%AA%D8%B1%D9%85%D9%8A%D8%B2-%D8%A7%D9%84%D9%85%D8%A7%D9%84%D9%8A%D8%A9-4316426428?position=18&pageNum=0&refId=ixLHectiY5HVxigZroaP%2Bw%3D%3D&trackingId=nd5U27KsMC9kJ9XH6uJkkQ%3D%3D
Data Analyst (Fraud Protection),Group-IB,"Riyadh, Saudi Arabia",https://sa.linkedin.com/jobs/view/data-analyst-fraud-protection-at-group-ib-4306554135?position=19&pageNum=0&refId=ixLHectiY5HVxigZroaP%2Bw%3D%3D&trackingId=HZHyBHU6VUaQ07CM4LE6VA%3D%3D
Junior Software Engineer,Batterjee Medical College,"Mecca, Makkah, Saudi Arabia",https://sa.linkedin.com/jobs/view/junior-software-engineer-at-batterjee-medical-college-4316603154?position=20&pageNum=0&refId=ixLHectiY5HVxigZroaP%2Bw%3D%3D&trackingId=v%2Fv3xh01JfE%2FOkgq1DWk5Q%3D%3D
Software Quality Engineer,Tamkeen Technologies,"Riyadh, Riyadh, Saudi Arabia",https://sa.linkedin.com/jobs/view/software-quality-engineer-at-tamkeen-technologies-4306338611?position=21&pageNum=0&refId=ixLHectiY5HVxigZroaP%2Bw%3D%3D&trackingId=5Vlb7Pq4gLCDDHNDAwKaQg%3D%3D
Data Scientist,Müller's Solutions,"Riyadh, Riyadh, Saudi Arabia",https://sa.linkedin.com/jobs/view/data-scientist-at-m%C3%BCller-s-solutions-4283160862?position=22&pageNum=0&refId=ixLHectiY5HVxigZroaP%2Bw%3D%3D&trackingId=qWsfKsuPIh2Jgb29Lqx7fg%3D%3D
Data Engineering Officer,Takamol Holding,Saudi Arabia,https://sa.linkedin.com/jobs/view/data-engineering-officer-at-takamol-holding-4294613222?position=23&pageNum=0&refId=ixLHectiY5HVxigZroaP%2Bw%3D%3D&trackingId=3SVqllYFxB7mVHr8hSudFA%3D%3D
Facility & Maintenance Engineer,NEOM S.C.,"Tabuk, Saudi Arabia",https://sa.linkedin.com/jobs/view/facility-maintenance-engineer-at-neom-s-c-4311997502?position=24&pageNum=0&refId=ixLHectiY5HVxigZroaP%2Bw%3D%3D&trackingId=xfg5ZS701zRlu9vFXNWdOQ%3D%3D
Strategy Analyst,ArcelorMittal Tubular Products Al-Jubail,"Al Khobar, Eastern, Saudi Arabia",https://sa.linkedin.com/jobs/view/strategy-analyst-at-arcelormittal-tubular-products-al-jubail-4308764239?position=25&pageNum=0&refId=ixLHectiY5HVxigZroaP%2Bw%3D%3D&trackingId=OdoQOGoIFyqaumDmMZCpfw%3D%3D
Rolling Stock Maintenance Engineer,Saudi Railway Company,"Al Madinah, Saudi Arabia",https://sa.linkedin.com/jobs/view/rolling-stock-maintenance-engineer-at-saudi-railway-company-4314959887?position=26&pageNum=0&refId=ixLHectiY5HVxigZroaP%2Bw%3D%3D&trackingId=rFJOAcVT8AoK51gnd0%2Fm6A%3D%3D
Co-op,Riyadh Air | طيران الرياض,Riyadh Region,https://sa.linkedin.com/jobs/view/co-op-at-riyadh-air-%D8%B7%D9%8A%D8%B1%D8%A7%D9%86-%D8%A7%D9%84%D8%B1%D9%8A%D8%A7%D8%B6-4311872699?position=27&pageNum=0&refId=ixLHectiY5HVxigZroaP%2Bw%3D%3D&trackingId=qtNfYLk8apzZlAMdoSZoRQ%3D%3D
React Developer,Tamkeen Technologies,"Riyadh, Riyadh, Saudi Arabia",https://sa.linkedin.com/jobs/view/react-developer-at-tamkeen-technologies-4290692214?position=28&pageNum=0&refId=ixLHectiY5HVxigZroaP%2Bw%3D%3D&trackingId=9WBkABBcRdATfDTxxJ8T6A%3D%3D
Internship | Strategy and Transactions | Saudi Arabia,Deloitte,"Riyadh, Riyadh, Saudi Arabia",https://sa.linkedin.com/jobs/view/internship-strategy-and-transactions-saudi-arabia-at-deloitte-4295019204?position=29&pageNum=0&refId=ixLHectiY5HVxigZroaP%2Bw%3D%3D&trackingId=aA%2F%2BkST5dkyofvm%2FCWZjUg%3D%3D
Operations Associate,Christian Dior Couture,"Riyadh, Riyadh, Saudi Arabia",https://sa.linkedin.com/jobs/view/operations-associate-at-christian-dior-couture-4301782219?position=30&pageNum=0&refId=ixLHectiY5HVxigZroaP%2Bw%3D%3D&trackingId=iCCX%2BJUmcYiLS%2BrlHv%2B1Iw%3D%3D
Data Analyst,Keeta,"Riyadh, Saudi Arabia",https://sa.linkedin.com/jobs/view/data-analyst-at-keeta-4310952233?position=31&pageNum=0&refId=ixLHectiY5HVxigZroaP%2Bw%3D%3D&trackingId=ModyqLIcBH%2F4836dhRdOMg%3D%3D
Business Analyst,Ninja 🥷🏽 نينجا,"Riyadh, Riyadh, Saudi Arabia",https://sa.linkedin.com/jobs/view/business-analyst-at-ninja-%F0%9F%A5%B7%F0%9F%8F%BD-%D9%86%D9%8A%D9%86%D8%AC%D8%A7-4314320531?position=32&pageNum=0&refId=ixLHectiY5HVxigZroaP%2Bw%3D%3D&trackingId=6KgwtkyfDffFAOaZbY4VQQ%3D%3D
Data Engineer (Saudi-based only),Lucidya | لوسيديا,"Riyadh, Riyadh, Saudi Arabia",https://sa.linkedin.com/jobs/view/data-engineer-saudi-based-only-at-lucidya-%D9%84%D9%88%D8%B3%D9%8A%D8%AF%D9%8A%D8%A7-4303990832?position=33&pageNum=0&refId=ixLHectiY5HVxigZroaP%2Bw%3D%3D&trackingId=Y%2FYwHM%2B7TSLQsdE714HNyA%3D%3D
AI Researcher,Lucidya | لوسيديا,"Jiddah, Makkah, Saudi Arabia",https://sa.linkedin.com/jobs/view/ai-researcher-at-lucidya-%D9%84%D9%88%D8%B3%D9%8A%D8%AF%D9%8A%D8%A7-4317806067?position=34&pageNum=0&refId=ixLHectiY5HVxigZroaP%2Bw%3D%3D&trackingId=NR85%2Bcyf5YgB7dnQhuTKfQ%3D%3D
Data Analyst.,Master Works,"Riyadh, Riyadh, Saudi Arabia",https://sa.linkedin.com/jobs/view/data-analyst-at-master-works-4281924211?position=35&pageNum=0&refId=ixLHectiY5HVxigZroaP%2Bw%3D%3D&trackingId=jPtmfpiSflOAZv0TYS2BdQ%3D%3D
Language Data Analyst,Trendyol Group,"Riyadh, Saudi Arabia",https://sa.linkedin.com/jobs/view/language-data-analyst-at-trendyol-group-4304864833?position=36&pageNum=0&refId=ixLHectiY5HVxigZroaP%2Bw%3D%3D&trackingId=eymscWOXyiHf0zwIOGs0hg%3D%3D
Engineer I,Marriott International,Saudi Arabia,https://sa.linkedin.com/jobs/view/engineer-i-at-marriott-international-4255267276?position=37&pageNum=0&refId=ixLHectiY5HVxigZroaP%2Bw%3D%3D&trackingId=pRAifCmnKAKJDVyZEk444A%3D%3D
Data Analyst,IHCC,"Jeddah, Makkah, Saudi Arabia",https://sa.linkedin.com/jobs/view/data-analyst-at-ihcc-4314354758?position=38&pageNum=0&refId=ixLHectiY5HVxigZroaP%2Bw%3D%3D&trackingId=SXnQTC8w%2F1rAA9A6Eq9LLw%3D%3D
Work from Home Saudi Arabia,TELUS Digital,"Layla, Riyadh, Saudi Arabia",https://sa.linkedin.com/jobs/view/work-from-home-saudi-arabia-at-telus-digital-4250407964?position=39&pageNum=0&refId=ixLHectiY5HVxigZroaP%2Bw%3D%3D&trackingId=S7RsRJ9Rv3f%2FjgVOXnOuTQ%3D%3D
Engineer I,Marriott International,Saudi Arabia,https://sa.linkedin.com/jobs/view/engineer-i-at-marriott-international-4300253328?position=40&pageNum=0&refId=ixLHectiY5HVxigZroaP%2Bw%3D%3D&trackingId=o5KKgd90SC3VAyFO%2BBIJPQ%3D%3D
Junior Customer Experience Operations Analyst,Lucidya | لوسيديا,"Riyadh, Riyadh, Saudi Arabia",https://sa.linkedin.com/jobs/view/junior-customer-experience-operations-analyst-at-lucidya-%D9%84%D9%88%D8%B3%D9%8A%D8%AF%D9%8A%D8%A7-4283771757?position=41&pageNum=0&refId=ixLHectiY5HVxigZroaP%2Bw%3D%3D&trackingId=EW33%2FvxeTAzwentI8s7XRg%3D%3D
Business Analyst,Müller's Solutions,"Riyadh, Riyadh, Saudi Arabia",https://sa.linkedin.com/jobs/view/business-analyst-at-m%C3%BCller-s-solutions-4280933705?position=42&pageNum=0&refId=ixLHectiY5HVxigZroaP%2Bw%3D%3D&trackingId=4ANEnNrx%2B3YtT6Whh5trgA%3D%3D
Site Reliability Engineer Specialist,Takamol Holding,"Riyadh, Riyadh, Saudi Arabia",https://sa.linkedin.com/jobs/view/site-reliability-engineer-specialist-at-takamol-holding-4308047168?position=43&pageNum=0&refId=ixLHectiY5HVxigZroaP%2Bw%3D%3D&trackingId=soELETMTo6QyoFAxnFDDnA%3D%3D
Business Analyst,Supertech Innovation Labs,"Riyadh, Riyadh, Saudi Arabia",https://sa.linkedin.com/jobs/view/business-analyst-at-supertech-innovation-labs-4285309604?position=44&pageNum=0&refId=ixLHectiY5HVxigZroaP%2Bw%3D%3D&trackingId=4h1zQvDSmV99wWSe9vtQHA%3D%3D
Business Analyst,Prime Manpower Resources Development Inc,"Riyadh, Saudi Arabia",https://sa.linkedin.com/jobs/view/business-analyst-at-prime-manpower-resources-development-inc-4308555385?position=45&pageNum=0&refId=ixLHectiY5HVxigZroaP%2Bw%3D%3D&trackingId=vXiFvgB%2FyAaq8kAUAaX%2BLg%3D%3D
Project Management Trainee,Envision Energy,"Riyadh, Saudi Arabia",https://sa.linkedin.com/jobs/view/project-management-trainee-at-envision-energy-4293807223?position=46&pageNum=0&refId=ixLHectiY5HVxigZroaP%2Bw%3D%3D&trackingId=a26GQbKZRMNmUyo5imAxTg%3D%3D
Data Scientist,TAWANTECH,"Riyadh, Riyadh, Saudi Arabia",https://sa.linkedin.com/jobs/view/data-scientist-at-tawantech-4313924280?position=47&pageNum=0&refId=ixLHectiY5HVxigZroaP%2Bw%3D%3D&trackingId=%2F7euy1ZOU6Obv9E3q%2Bn7XA%3D%3D
AI Engineer (Saudi Only),Lucidya | لوسيديا,"Riyadh, Riyadh, Saudi Arabia",https://sa.linkedin.com/jobs/view/ai-engineer-saudi-only-at-lucidya-%D9%84%D9%88%D8%B3%D9%8A%D8%AF%D9%8A%D8%A7-4303995831?position=48&pageNum=0&refId=ixLHectiY5HVxigZroaP%2Bw%3D%3D&trackingId=ZsA9LUThSn8hFkPs8%2Bg42w%3D%3D
Data Analyst Lead,ترشيد | TARSHID,"Riyadh, Saudi Arabia",https://sa.linkedin.com/jobs/view/data-analyst-lead-at-%D8%AA%D8%B1%D8%B4%D9%8A%D8%AF-tarshid-4304877990?position=49&pageNum=0&refId=ixLHectiY5HVxigZroaP%2Bw%3D%3D&trackingId=YumvVqttbKpV1VXPzpLPNg%3D%3D
Data Analyst,Master Works,"Riyadh, Riyadh, Saudi Arabia",https://sa.linkedin.com/jobs/view/data-analyst-at-master-works-4285348698?position=50&pageNum=0&refId=ixLHectiY5HVxigZroaP%2Bw%3D%3D&trackingId=1d3lbSvouVz0KnJRH5jPxw%3D%3D
Business Analyst,700apps,"Riyadh, Riyadh, Saudi Arabia",https://sa.linkedin.com/jobs/view/business-analyst-at-700apps-4291882735?position=51&pageNum=0&refId=ixLHectiY5HVxigZroaP%2Bw%3D%3D&trackingId=3et6um%2BuiHefko6g4SsCTg%3D%3D
Engineer I,Marriott International,Saudi Arabia,https://sa.linkedin.com/jobs/view/engineer-i-at-marriott-international-4299086040?position=52&pageNum=0&refId=ixLHectiY5HVxigZroaP%2Bw%3D%3D&trackingId=HFl6pwwbwqXzy5CJu%2F3%2BsA%3D%3D
Business Analyst,Master Works,"Riyadh, Riyadh, Saudi Arabia",https://sa.linkedin.com/jobs/view/business-analyst-at-master-works-4268587556?position=53&pageNum=0&refId=ixLHectiY5HVxigZroaP%2Bw%3D%3D&trackingId=uRZWqZKumu0tpIDSZr1lMg%3D%3D
Software Engineer - Backend (Saudi Only),Lucidya | لوسيديا,"Riyadh, Riyadh, Saudi Arabia",https://sa.linkedin.com/jobs/view/software-engineer-backend-saudi-only-at-lucidya-%D9%84%D9%88%D8%B3%D9%8A%D8%AF%D9%8A%D8%A7-4305999524?position=54&pageNum=0&refId=ixLHectiY5HVxigZroaP%2Bw%3D%3D&trackingId=9Qhi71TsGSgemBwbi6jpYQ%3D%3D
Data Engineer (Saudi-based only),Lucidya | لوسيديا,"Jiddah, Makkah, Saudi Arabia",https://sa.linkedin.com/jobs/view/data-engineer-saudi-based-only-at-lucidya-%D9%84%D9%88%D8%B3%D9%8A%D8%AF%D9%8A%D8%A7-4304100770?position=55&pageNum=0&refId=ixLHectiY5HVxigZroaP%2Bw%3D%3D&trackingId=TEzOPqLNzYv0WtO0GJbPYQ%3D%3D
Data Analyst,RP International,"Riyadh, Riyadh, Saudi Arabia",https://sa.linkedin.com/jobs/view/data-analyst-at-rp-international-4317542632?position=56&pageNum=0&refId=ixLHectiY5HVxigZroaP%2Bw%3D%3D&trackingId=%2BI6aeZWknPj%2FTGA808kYqg%3D%3D
Business Analyst,Emdad By Elm,"Jeddah, Makkah, Saudi Arabia",https://sa.linkedin.com/jobs/view/business-analyst-at-emdad-by-elm-4306385700?position=57&pageNum=0&refId=ixLHectiY5HVxigZroaP%2Bw%3D%3D&trackingId=UhnpLfaqDwaVgk8j3xlTDw%3D%3D
AI Engineer,Lucidya | لوسيديا,Saudi Arabia,https://sa.linkedin.com/jobs/view/ai-engineer-at-lucidya-%D9%84%D9%88%D8%B3%D9%8A%D8%AF%D9%8A%D8%A7-4285600000?position=58&pageNum=0&refId=ixLHectiY5HVxigZroaP%2Bw%3D%3D&trackingId=BqugZ27LxEA6v8hkfTgWzg%3D%3D
AI Research Lead,Lucidya | لوسيديا,"Jiddah, Makkah, Saudi Arabia",https://sa.linkedin.com/jobs/view/ai-research-lead-at-lucidya-%D9%84%D9%88%D8%B3%D9%8A%D8%AF%D9%8A%D8%A7-4317598070?position=59&pageNum=0&refId=ixLHectiY5HVxigZroaP%2Bw%3D%3D&trackingId=9IG0FzP8ufugce70l8RmDA%3D%3D
Reporting and Analytics Manager,SAB,"Riyadh, Saudi Arabia",https://sa.linkedin.com/jobs/view/reporting-and-analytics-manager-at-sab-4314317919?position=60&pageNum=0&refId=ixLHectiY5HVxigZroaP%2Bw%3D%3D&trackingId=3rex0aEGu9xa4Ra42eQmZw%3D%3D
Data Analyst,Saudi Credit Bureau - SIMAH,"Riyadh, Saudi Arabia",https://sa.linkedin.com/jobs/view/data-analyst-at-saudi-credit-bureau-simah-4308760118?position=1&pageNum=0&refId=u4BCdcAw%2BimweN5yrwSuXQ%3D%3D&trackingId=Gm5Me1%2FDk7kujquuslnmFA%3D%3D
Data Scientist,EjadTech - إيجاد التقنية,"Riyadh, Saudi Arabia",https://sa.linkedin.com/jobs/view/data-scientist-at-ejadtech-%D8%A5%D9%8A%D8%AC%D8%A7%D8%AF-%D8%A7%D9%84%D8%AA%D9%82%D9%86%D9%8A%D8%A9-4306092602?position=2&pageNum=0&refId=u4BCdcAw%2BimweN5yrwSuXQ%3D%3D&trackingId=eSMTASHTxs8BrX6DnynvCQ%3D%3D
Fresh Engineer ABS,alfanar,"Riyadh, Riyadh, Saudi Arabia",https://sa.linkedin.com/jobs/view/fresh-engineer-abs-at-alfanar-4309191547?position=3&pageNum=0&refId=u4BCdcAw%2BimweN5yrwSuXQ%3D%3D&trackingId=MRJqvIUQshTtAnFovW17mA%3D%3D
Datacenter Engineer,Tamkeen Technologies,"Riyadh, Riyadh, Saudi Arabia",https://sa.linkedin.com/jobs/view/datacenter-engineer-at-tamkeen-technologies-4292361955?position=4&pageNum=0&refId=u4BCdcAw%2BimweN5yrwSuXQ%3D%3D&trackingId=9OIxAH31k77LxhmcvBVgrA%3D%3D
Fresh Graduate Engineers (Saudi),Mohammad Al Habib Real Estate Co. | محمد الحبيب العقارية,"Riyadh, Saudi Arabia",https://sa.linkedin.com/jobs/view/fresh-graduate-engineers-saudi-at-mohammad-al-habib-real-estate-co-%D9%85%D8%AD%D9%85%D8%AF-%D8%A7%D9%84%D8%AD%D8%A8%D9%8A%D8%A8-%D8%A7%D9%84%D8%B9%D9%82%D8%A7%D8%B1%D9%8A%D8%A9-4305329281?position=5&pageNum=0&refId=u4BCdcAw%2BimweN5yrwSuXQ%3D%3D&trackingId=nTOtp7p8SKUmrMzfiLyQtA%3D%3D
Business Analyst,HALA,"Riyadh, Riyadh, Saudi Arabia",https://sa.linkedin.com/jobs/view/business-analyst-at-hala-4308184243?position=6&pageNum=0&refId=u4BCdcAw%2BimweN5yrwSuXQ%3D%3D&trackingId=m%2BRu7LdAvB0wGjHZSUXX7g%3D%3D
AI Engineering Officer,Takamol Holding,"Riyadh, Riyadh, Saudi Arabia",https://sa.linkedin.com/jobs/view/ai-engineering-officer-at-takamol-holding-4295900112?position=7&pageNum=0&refId=u4BCdcAw%2BimweN5yrwSuXQ%3D%3D&trackingId=Mx1bsIIbeUy1FaRxIqu6Vw%3D%3D
Graduate Trainee - Saudi Arabia,Nokia,"Riyadh, Riyadh, Saudi Arabia",https://sa.linkedin.com/jobs/view/graduate-trainee-saudi-arabia-at-nokia-4306512965?position=8&pageNum=0&refId=u4BCdcAw%2BimweN5yrwSuXQ%3D%3D&trackingId=FrgsZpWDsPLaYB2HGnfCjg%3D%3D
Product Senior Analyst,EMKAN | إمكان,"Riyadh, Saudi Arabia",https://sa.linkedin.com/jobs/view/product-senior-analyst-at-emkan-%D8%A5%D9%85%D9%83%D8%A7%D9%86-4309450085?position=9&pageNum=0&refId=u4BCdcAw%2BimweN5yrwSuXQ%3D%3D&trackingId=R2VlrdQeWwPCR6awbu5X3Q%3D%3D
Senior Project Engineer - Planning,Confidential Government,"Riyadh, Saudi Arabia",https://sa.linkedin.com/jobs/view/senior-project-engineer-planning-at-confidential-government-4317577605?position=10&pageNum=0&refId=u4BCdcAw%2BimweN5yrwSuXQ%3D%3D&trackingId=ZL%2BhdqiI3k62s%2FvNZqyb9A%3D%3D
AI Researcher,Lucidya | لوسيديا,"Riyadh, Riyadh, Saudi Arabia",https://sa.linkedin.com/jobs/view/ai-researcher-at-lucidya-%D9%84%D9%88%D8%B3%D9%8A%D8%AF%D9%8A%D8%A7-4317804094?position=11&pageNum=0&refId=u4BCdcAw%2BimweN5yrwSuXQ%3D%3D&trackingId=7FuF80Rr6PGGJqH8gDssSQ%3D%3D
Sr. Cybersecurity Specialist,Confidential Government,"Riyadh, Saudi Arabia",https://sa.linkedin.com/jobs/view/sr-cybersecurity-specialist-at-confidential-government-4304520674?position=12&pageNum=0&refId=u4BCdcAw%2BimweN5yrwSuXQ%3D%3D&trackingId=FgjalT4H%2B99%2BZEKadz%2BdqQ%3D%3D
AI Director,Takamol Holding,"Riyadh, Riyadh, Saudi Arabia",https://sa.linkedin.com/jobs/view/ai-director-at-takamol-holding-4295693309?position=13&pageNum=0&refId=u4BCdcAw%2BimweN5yrwSuXQ%3D%3D&trackingId=PJG7TgTkcDRpG60l61P8BA%3D%3D
Junior Software Engineer,Supertech Innovation Labs,"Riyadh, Riyadh, Saudi Arabia",https://sa.linkedin.com/jobs/view/junior-software-engineer-at-supertech-innovation-labs-4281478858?position=14&pageNum=0&refId=u4BCdcAw%2BimweN5yrwSuXQ%3D%3D&trackingId=mLdJD%2B%2FDCHjDkUnKhsiE3Q%3D%3D
R&D Software Engineer,ABANA Enterprises Group Co.,"Riyadh, Riyadh, Saudi Arabia",https://sa.linkedin.com/jobs/view/r-d-software-engineer-at-abana-enterprises-group-co-4311502910?position=15&pageNum=0&refId=u4BCdcAw%2BimweN5yrwSuXQ%3D%3D&trackingId=jkcxdKl8LN9n%2FzITOD4C%2FA%3D%3D
Team Leader – Data Analytics,Riyadh Development Company | شركة الرياض للتعمير,"Riyadh, Saudi Arabia",https://sa.linkedin.com/jobs/view/team-leader-%E2%80%93-data-analytics-at-riyadh-development-company-%D8%B4%D8%B1%D9%83%D8%A9-%D8%A7%D9%84%D8%B1%D9%8A%D8%A7%D8%B6-%D9%84%D9%84%D8%AA%D8%B9%D9%85%D9%8A%D8%B1-4309608118?position=16&pageNum=0&refId=u4BCdcAw%2BimweN5yrwSuXQ%3D%3D&trackingId=nmwnsJYMNGzkhaFL6bZISw%3D%3D
Data Scientist (Fresh Grad) -  (Saudi National),Tarmeez Capital | ترميز المالية,"Riyadh, Riyadh, Saudi Arabia",https://sa.linkedin.com/jobs/view/data-scientist-fresh-grad-saudi-national-at-tarmeez-capital-%D8%AA%D8%B1%D9%85%D9%8A%D8%B2-%D8%A7%D9%84%D9%85%D8%A7%D9%84%D9%8A%D8%A9-4314078070?position=17&pageNum=0&refId=u4BCdcAw%2BimweN5yrwSuXQ%3D%3D&trackingId=c5gTOWY1p7kmxmM2bQhsGg%3D%3D
Data Engineer -(Fresh Grad)- (Saudi National),Tarmeez Capital | ترميز المالية,"Riyadh, Riyadh, Saudi Arabia",https://sa.linkedin.com/jobs/view/data-engineer-fresh-grad-saudi-national-at-tarmeez-capital-%D8%AA%D8%B1%D9%85%D9%8A%D8%B2-%D8%A7%D9%84%D9%85%D8%A7%D9%84%D9%8A%D8%A9-4316426428?position=18&pageNum=0&refId=u4BCdcAw%2BimweN5yrwSuXQ%3D%3D&trackingId=7yLHN%2FfdI%2B0cvhjmz6Nrqw%3D%3D
Data Analyst (Fraud Protection),Group-IB,"Riyadh, Saudi Arabia",https://sa.linkedin.com/jobs/view/data-analyst-fraud-protection-at-group-ib-4306554135?position=19&pageNum=0&refId=u4BCdcAw%2BimweN5yrwSuXQ%3D%3D&trackingId=IEaaiswCx1MUjy7HCfPQOQ%3D%3D
Junior Software Engineer,Batterjee Medical College,"Mecca, Makkah, Saudi Arabia",https://sa.linkedin.com/jobs/view/junior-software-engineer-at-batterjee-medical-college-4316603154?position=20&pageNum=0&refId=u4BCdcAw%2BimweN5yrwSuXQ%3D%3D&trackingId=luMCHe6iV0rUBtSrNIswUw%3D%3D
Software Quality Engineer,Tamkeen Technologies,"Riyadh, Riyadh, Saudi Arabia",https://sa.linkedin.com/jobs/view/software-quality-engineer-at-tamkeen-technologies-4306338611?position=21&pageNum=0&refId=u4BCdcAw%2BimweN5yrwSuXQ%3D%3D&trackingId=dW2Iug9fB4PA84n5GUZaTQ%3D%3D
Data Scientist,Müller's Solutions,"Riyadh, Riyadh, Saudi Arabia",https://sa.linkedin.com/jobs/view/data-scientist-at-m%C3%BCller-s-solutions-4283160862?position=22&pageNum=0&refId=u4BCdcAw%2BimweN5yrwSuXQ%3D%3D&trackingId=pJ6SlwY95bcd7Pft6NuNoQ%3D%3D
Data Engineering Officer,Takamol Holding,Saudi Arabia,https://sa.linkedin.com/jobs/view/data-engineering-officer-at-takamol-holding-4294613222?position=23&pageNum=0&refId=u4BCdcAw%2BimweN5yrwSuXQ%3D%3D&trackingId=8ioZX8YkiasR4ZMWBDig0w%3D%3D
Facility & Maintenance Engineer,NEOM S.C.,"Tabuk, Saudi Arabia",https://sa.linkedin.com/jobs/view/facility-maintenance-engineer-at-neom-s-c-4311997502?position=24&pageNum=0&refId=u4BCdcAw%2BimweN5yrwSuXQ%3D%3D&trackingId=VpE3HkJenOs7d44cythfiQ%3D%3D
Strategy Analyst,ArcelorMittal Tubular Products Al-Jubail,"Al Khobar, Eastern, Saudi Arabia",https://sa.linkedin.com/jobs/view/strategy-analyst-at-arcelormittal-tubular-products-al-jubail-4308764239?position=25&pageNum=0&refId=u4BCdcAw%2BimweN5yrwSuXQ%3D%3D&trackingId=J1NFCHMyD9K97Xs4n3C6wA%3D%3D
Rolling Stock Maintenance Engineer,Saudi Railway Company,"Al Madinah, Saudi Arabia",https://sa.linkedin.com/jobs/view/rolling-stock-maintenance-engineer-at-saudi-railway-company-4314959887?position=26&pageNum=0&refId=u4BCdcAw%2BimweN5yrwSuXQ%3D%3D&trackingId=w6T%2Fujfexe%2BryQNdHCxXQQ%3D%3D
Co-op,Riyadh Air | طيران الرياض,Riyadh Region,https://sa.linkedin.com/jobs/view/co-op-at-riyadh-air-%D8%B7%D9%8A%D8%B1%D8%A7%D9%86-%D8%A7%D9%84%D8%B1%D9%8A%D8%A7%D8%B6-4311872699?position=27&pageNum=0&refId=u4BCdcAw%2BimweN5yrwSuXQ%3D%3D&trackingId=YedReWj1fxUXQtukJ9h6vQ%3D%3D
React Developer,Tamkeen Technologies,"Riyadh, Riyadh, Saudi Arabia",https://sa.linkedin.com/jobs/view/react-developer-at-tamkeen-technologies-4290692214?position=28&pageNum=0&refId=u4BCdcAw%2BimweN5yrwSuXQ%3D%3D&trackingId=aMTpUd%2FDoBlFrnQp9jBhiw%3D%3D
Internship | Strategy and Transactions | Saudi Arabia,Deloitte,"Riyadh, Riyadh, Saudi Arabia",https://sa.linkedin.com/jobs/view/internship-strategy-and-transactions-saudi-arabia-at-deloitte-4295019204?position=29&pageNum=0&refId=u4BCdcAw%2BimweN5yrwSuXQ%3D%3D&trackingId=OekZx3m%2ByRx1EH8P%2Bq54Vg%3D%3D
Operations Associate,Christian Dior Couture,"Riyadh, Riyadh, Saudi Arabia",https://sa.linkedin.com/jobs/view/operations-associate-at-christian-dior-couture-4301782219?position=30&pageNum=0&refId=u4BCdcAw%2BimweN5yrwSuXQ%3D%3D&trackingId=gpsW7kZf398I6W%2FYgMuvEw%3D%3D
Data Analyst,Keeta,"Riyadh, Saudi Arabia",https://sa.linkedin.com/jobs/view/data-analyst-at-keeta-4310952233?position=31&pageNum=0&refId=u4BCdcAw%2BimweN5yrwSuXQ%3D%3D&trackingId=U6%2FytEQXyJXUcOyNnAdFFQ%3D%3D
Business Analyst,Ninja 🥷🏽 نينجا,"Riyadh, Riyadh, Saudi Arabia",https://sa.linkedin.com/jobs/view/business-analyst-at-ninja-%F0%9F%A5%B7%F0%9F%8F%BD-%D9%86%D9%8A%D9%86%D8%AC%D8%A7-4314320531?position=32&pageNum=0&refId=u4BCdcAw%2BimweN5yrwSuXQ%3D%3D&trackingId=uH7wqpz%2B%2FW8HdyAh0HBgEg%3D%3D
Data Engineer (Saudi-based only),Lucidya | لوسيديا,"Riyadh, Riyadh, Saudi Arabia",https://sa.linkedin.com/jobs/view/data-engineer-saudi-based-only-at-lucidya-%D9%84%D9%88%D8%B3%D9%8A%D8%AF%D9%8A%D8%A7-4303990832?position=33&pageNum=0&refId=u4BCdcAw%2BimweN5yrwSuXQ%3D%3D&trackingId=%2Fx2EzSYa9PWaoEvmKwkzLg%3D%3D
AI Researcher,Lucidya | لوسيديا,"Jiddah, Makkah, Saudi Arabia",https://sa.linkedin.com/jobs/view/ai-researcher-at-lucidya-%D9%84%D9%88%D8%B3%D9%8A%D8%AF%D9%8A%D8%A7-4317806067?position=34&pageNum=0&refId=u4BCdcAw%2BimweN5yrwSuXQ%3D%3D&trackingId=LSvr6a%2Bpz0ECz3EvR%2F3n7w%3D%3D
Data Analyst.,Master Works,"Riyadh, Riyadh, Saudi Arabia",https://sa.linkedin.com/jobs/view/data-analyst-at-master-works-4281924211?position=35&pageNum=0&refId=u4BCdcAw%2BimweN5yrwSuXQ%3D%3D&trackingId=EHn%2FG4tbNJlP%2BuE8iyMc1g%3D%3D
Language Data Analyst,Trendyol Group,"Riyadh, Saudi Arabia",https://sa.linkedin.com/jobs/view/language-data-analyst-at-trendyol-group-4304864833?position=36&pageNum=0&refId=u4BCdcAw%2BimweN5yrwSuXQ%3D%3D&trackingId=MxKajoW1MDGGq8J%2FDvs2vw%3D%3D
Engineer I,Marriott International,Saudi Arabia,https://sa.linkedin.com/jobs/view/engineer-i-at-marriott-international-4255267276?position=37&pageNum=0&refId=u4BCdcAw%2BimweN5yrwSuXQ%3D%3D&trackingId=EaKpyy4uAj6HYtO8zIiqGA%3D%3D
Data Analyst,IHCC,"Jeddah, Makkah, Saudi Arabia",https://sa.linkedin.com/jobs/view/data-analyst-at-ihcc-4314354758?position=38&pageNum=0&refId=u4BCdcAw%2BimweN5yrwSuXQ%3D%3D&trackingId=OOzCnXvEcPEXFgpyPaSkDQ%3D%3D
Work from Home Saudi Arabia,TELUS Digital,"Layla, Riyadh, Saudi Arabia",https://sa.linkedin.com/jobs/view/work-from-home-saudi-arabia-at-telus-digital-4250407964?position=39&pageNum=0&refId=u4BCdcAw%2BimweN5yrwSuXQ%3D%3D&trackingId=EsUL9nebOyf5WRAu1laCyA%3D%3D
Engineer I,Marriott International,Saudi Arabia,https://sa.linkedin.com/jobs/view/engineer-i-at-marriott-international-4300253328?position=40&pageNum=0&refId=u4BCdcAw%2BimweN5yrwSuXQ%3D%3D&trackingId=R7KmSUZ88fNugoKwLEXKLg%3D%3D
Junior Customer Experience Operations Analyst,Lucidya | لوسيديا,"Riyadh, Riyadh, Saudi Arabia",https://sa.linkedin.com/jobs/view/junior-customer-experience-operations-analyst-at-lucidya-%D9%84%D9%88%D8%B3%D9%8A%D8%AF%D9%8A%D8%A7-4283771757?position=41&pageNum=0&refId=u4BCdcAw%2BimweN5yrwSuXQ%3D%3D&trackingId=4RqpGd3b36k1voVDo%2BJ3vQ%3D%3D
Business Analyst,Müller's Solutions,"Riyadh, Riyadh, Saudi Arabia",https://sa.linkedin.com/jobs/view/business-analyst-at-m%C3%BCller-s-solutions-4280933705?position=42&pageNum=0&refId=u4BCdcAw%2BimweN5yrwSuXQ%3D%3D&trackingId=1m2sMN2%2FDJVRkLi9I0hQ4A%3D%3D
Site Reliability Engineer Specialist,Takamol Holding,"Riyadh, Riyadh, Saudi Arabia",https://sa.linkedin.com/jobs/view/site-reliability-engineer-specialist-at-takamol-holding-4308047168?position=43&pageNum=0&refId=u4BCdcAw%2BimweN5yrwSuXQ%3D%3D&trackingId=UMu6q9D7thmypU5IsQknGg%3D%3D
Business Analyst,Supertech Innovation Labs,"Riyadh, Riyadh, Saudi Arabia",https://sa.linkedin.com/jobs/view/business-analyst-at-supertech-innovation-labs-4285309604?position=44&pageNum=0&refId=u4BCdcAw%2BimweN5yrwSuXQ%3D%3D&trackingId=0YPTdrBXuSeaoWl%2B0AMlwQ%3D%3D
Business Analyst,Prime Manpower Resources Development Inc,"Riyadh, Saudi Arabia",https://sa.linkedin.com/jobs/view/business-analyst-at-prime-manpower-resources-development-inc-4308555385?position=45&pageNum=0&refId=u4BCdcAw%2BimweN5yrwSuXQ%3D%3D&trackingId=m1PrzQ8WLoI6SzjnMMynDw%3D%3D
Project Management Trainee,Envision Energy,"Riyadh, Saudi Arabia",https://sa.linkedin.com/jobs/view/project-management-trainee-at-envision-energy-4293807223?position=46&pageNum=0&refId=u4BCdcAw%2BimweN5yrwSuXQ%3D%3D&trackingId=Mrx%2FHuDgrOf7ze6LE8x2Rw%3D%3D
Data Scientist,TAWANTECH,"Riyadh, Riyadh, Saudi Arabia",https://sa.linkedin.com/jobs/view/data-scientist-at-tawantech-4313924280?position=47&pageNum=0&refId=u4BCdcAw%2BimweN5yrwSuXQ%3D%3D&trackingId=gAafDJb4wLyZLpyvFwE%2F4g%3D%3D
AI Engineer (Saudi Only),Lucidya | لوسيديا,"Riyadh, Riyadh, Saudi Arabia",https://sa.linkedin.com/jobs/view/ai-engineer-saudi-only-at-lucidya-%D9%84%D9%88%D8%B3%D9%8A%D8%AF%D9%8A%D8%A7-4303995831?position=48&pageNum=0&refId=u4BCdcAw%2BimweN5yrwSuXQ%3D%3D&trackingId=3v5jAPrb2uSrSI3NGHt09Q%3D%3D
Data Analyst Lead,ترشيد | TARSHID,"Riyadh, Saudi Arabia",https://sa.linkedin.com/jobs/view/data-analyst-lead-at-%D8%AA%D8%B1%D8%B4%D9%8A%D8%AF-tarshid-4304877990?position=49&pageNum=0&refId=u4BCdcAw%2BimweN5yrwSuXQ%3D%3D&trackingId=yX4JXSZiFq4D8okjnLnRgQ%3D%3D
Data Analyst,Master Works,"Riyadh, Riyadh, Saudi Arabia",https://sa.linkedin.com/jobs/view/data-analyst-at-master-works-4285348698?position=50&pageNum=0&refId=u4BCdcAw%2BimweN5yrwSuXQ%3D%3D&trackingId=eyKPW3ZoXZOAtBxOLkxWlQ%3D%3D
Business Analyst,700apps,"Riyadh, Riyadh, Saudi Arabia",https://sa.linkedin.com/jobs/view/business-analyst-at-700apps-4291882735?position=51&pageNum=0&refId=u4BCdcAw%2BimweN5yrwSuXQ%3D%3D&trackingId=l8gLR5s4GRFfcnPppYzp4A%3D%3D
Engineer I,Marriott International,Saudi Arabia,https://sa.linkedin.com/jobs/view/engineer-i-at-marriott-international-4299086040?position=52&pageNum=0&refId=u4BCdcAw%2BimweN5yrwSuXQ%3D%3D&trackingId=bTCVb3%2BHMHTTbLBVEVxvQg%3D%3D
Business Analyst,Master Works,"Riyadh, Riyadh, Saudi Arabia",https://sa.linkedin.com/jobs/view/business-analyst-at-master-works-4268587556?position=53&pageNum=0&refId=u4BCdcAw%2BimweN5yrwSuXQ%3D%3D&trackingId=v62C5zfNwhuKXHpgv1XDJg%3D%3D
Software Engineer - Backend (Saudi Only),Lucidya | لوسيديا,"Riyadh, Riyadh, Saudi Arabia",https://sa.linkedin.com/jobs/view/software-engineer-backend-saudi-only-at-lucidya-%D9%84%D9%88%D8%B3%D9%8A%D8%AF%D9%8A%D8%A7-4305999524?position=54&pageNum=0&refId=u4BCdcAw%2BimweN5yrwSuXQ%3D%3D&trackingId=letQ6ZRCwyekL0%2FBTQPAKg%3D%3D
Data Engineer (Saudi-based only),Lucidya | لوسيديا,"Jiddah, Makkah, Saudi Arabia",https://sa.linkedin.com/jobs/view/data-engineer-saudi-based-only-at-lucidya-%D9%84%D9%88%D8%B3%D9%8A%D8%AF%D9%8A%D8%A7-4304100770?position=55&pageNum=0&refId=u4BCdcAw%2BimweN5yrwSuXQ%3D%3D&trackingId=U%2B4qhlNLuv3Mn6MYFX5YkQ%3D%3D
Data Analyst,RP International,"Riyadh, Riyadh, Saudi Arabia",https://sa.linkedin.com/jobs/view/data-analyst-at-rp-international-4317542632?position=56&pageNum=0&refId=u4BCdcAw%2BimweN5yrwSuXQ%3D%3D&trackingId=ZMDuq8RnPn%2BzonSrriSBPg%3D%3D
Business Analyst,Emdad By Elm,"Jeddah, Makkah, Saudi Arabia",https://sa.linkedin.com/jobs/view/business-analyst-at-emdad-by-elm-4306385700?position=57&pageNum=0&refId=u4BCdcAw%2BimweN5yrwSuXQ%3D%3D&trackingId=7k1o0Tc3CI48a6dSpRe3JQ%3D%3D
AI Engineer,Lucidya | لوسيديا,Saudi Arabia,https://sa.linkedin.com/jobs/view/ai-engineer-at-lucidya-%D9%84%D9%88%D8%B3%D9%8A%D8%AF%D9%8A%D8%A7-4285600000?position=58&pageNum=0&refId=u4BCdcAw%2BimweN5yrwSuXQ%3D%3D&trackingId=TwX3NnuWaLlWg0QmxDqT1g%3D%3D
AI Research Lead,Lucidya | لوسيديا,"Jiddah, Makkah, Saudi Arabia",https://sa.linkedin.com/jobs/view/ai-research-lead-at-lucidya-%D9%84%D9%88%D8%B3%D9%8A%D8%AF%D9%8A%D8%A7-4317598070?position=59&pageNum=0&refId=u4BCdcAw%2BimweN5yrwSuXQ%3D%3D&trackingId=rnkIBUqZHuAI2lu56iCb%2BA%3D%3D
Reporting and Analytics Manager,SAB,"Riyadh, Saudi Arabia",https://sa.linkedin.com/jobs/view/reporting-and-analytics-manager-at-sab-4314317919?position=60&pageNum=0&refId=u4BCdcAw%2BimweN5yrwSuXQ%3D%3D&trackingId=BomzBQ4dOSnpzVCSqTDsbQ%3D%3D
Business Analyst,Sharaf DG,"Dubai, United Arab Emirates",https://ae.linkedin.com/jobs/view/business-analyst-at-sharaf-dg-4307544779?position=1&pageNum=0&refId=Txs8aBRyHbQ3e986nQUUFA%3D%3D&trackingId=BEGrSD5bHJvPiVgcSurzXw%3D%3D
Business Analyst,Sharaf DG,"Dubai, Dubai, United Arab Emirates",https://ae.linkedin.com/jobs/view/business-analyst-at-sharaf-dg-4307547784?position=2&pageNum=0&refId=Txs8aBRyHbQ3e986nQUUFA%3D%3D&trackingId=Unz8Vossiywy%2Bk7tAb4pUw%3D%3D
Reporting Analyst,Emirates NBD,"Al Ain, Abu Dhabi Emirate, United Arab Emirates",https://ae.linkedin.com/jobs/view/reporting-analyst-at-emirates-nbd-4307224353?position=3&pageNum=0&refId=Txs8aBRyHbQ3e986nQUUFA%3D%3D&trackingId=bIjsiwCnEdvx8zYIkCZ5ow%3D%3D
Performance Analyst,Etihad Rail Operating Companies,"Abu Dhabi Emirate, United Arab Emirates",https://ae.linkedin.com/jobs/view/performance-analyst-at-etihad-rail-operating-companies-4312542135?position=4&pageNum=0&refId=Txs8aBRyHbQ3e986nQUUFA%3D%3D&trackingId=Er4PzS5txZuv7kiF4AFMbg%3D%3D
Data Analytics Internship,Agthia Group PJSC,"Dubai, United Arab Emirates",https://ae.linkedin.com/jobs/view/data-analytics-internship-at-agthia-group-pjsc-4302331872?position=5&pageNum=0&refId=Txs8aBRyHbQ3e986nQUUFA%3D%3D&trackingId=BC5pA7Nltwy08UZtLnE60Q%3D%3D
Software Engineer (Python) - AI Platform,Revolut,United Arab Emirates,https://ae.linkedin.com/jobs/view/software-engineer-python-ai-platform-at-revolut-4250198849?position=6&pageNum=0&refId=Txs8aBRyHbQ3e986nQUUFA%3D%3D&trackingId=vZ105d%2Bn55lZ6fDRwC3jhg%3D%3D
Ethraa Graduate Programme 2025,RAKBANK,"Dubai, United Arab Emirates",https://ae.linkedin.com/jobs/view/ethraa-graduate-programme-2025-at-rakbank-4313013033?position=7&pageNum=0&refId=Txs8aBRyHbQ3e986nQUUFA%3D%3D&trackingId=8%2FK4b7O4mqFWRI7cw9Ctkg%3D%3D
Data Analyst,Provident Real Estate,"Dubai, United Arab Emirates",https://ae.linkedin.com/jobs/view/data-analyst-at-provident-real-estate-4312024399?position=8&pageNum=0&refId=Txs8aBRyHbQ3e986nQUUFA%3D%3D&trackingId=MbD9G2OEg7wleO4Gh4U6gQ%3D%3D
Operations Associate,Miral Experiences,"Abu Dhabi, Abu Dhabi Emirate, United Arab Emirates",https://ae.linkedin.com/jobs/view/operations-associate-at-miral-experiences-4309238652?position=9&pageNum=0&refId=Txs8aBRyHbQ3e986nQUUFA%3D%3D&trackingId=hrdsUtTnuZpFuj1QPp8jpQ%3D%3D
Junior Analyst – Risk Engineering & Underwriting,Emirates Global Aluminium (EGA),"Abu Dhabi Emirate, United Arab Emirates",https://ae.linkedin.com/jobs/view/junior-analyst-%E2%80%93-risk-engineering-underwriting-at-emirates-global-aluminium-ega%E2%80%8B-4316052751?position=10&pageNum=0&refId=Txs8aBRyHbQ3e986nQUUFA%3D%3D&trackingId=6YQ9LsqwW6YeTY%2B1MsEufg%3D%3D
Data Analyst,MCG Talent,"Dubai, United Arab Emirates",https://ae.linkedin.com/jobs/view/data-analyst-at-mcg-talent-4305068723?position=11&pageNum=0&refId=Txs8aBRyHbQ3e986nQUUFA%3D%3D&trackingId=4CyKeyK%2Fia1LPmxj4AHmxg%3D%3D
Investment Risk Analyst,Abu Dhabi Capital Group,"Abu Dhabi, Abu Dhabi Emirate, United Arab Emirates",https://ae.linkedin.com/jobs/view/investment-risk-analyst-at-abu-dhabi-capital-group-4303647133?position=12&pageNum=0&refId=Txs8aBRyHbQ3e986nQUUFA%3D%3D&trackingId=t1ckjTgBGG7mU%2BaDuV489Q%3D%3D
AI Graduate Programme,e& UAE,United Arab Emirates,https://ae.linkedin.com/jobs/view/ai-graduate-programme-at-e-uae-4207694385?position=13&pageNum=0&refId=Txs8aBRyHbQ3e986nQUUFA%3D%3D&trackingId=Nmz7sqZUrdfF6%2FrgJNdveQ%3D%3D
Backend Engineer (Data),Fuse Energy,"Dubai, Dubai, United Arab Emirates",https://ae.linkedin.com/jobs/view/backend-engineer-data-at-fuse-energy-4304107582?position=14&pageNum=0&refId=Txs8aBRyHbQ3e986nQUUFA%3D%3D&trackingId=D8ovG7Df7nVwmQdTuAHURA%3D%3D
Data Scientist,Experts Group International,"Dubai, United Arab Emirates",https://ae.linkedin.com/jobs/view/data-scientist-at-experts-group-international-4302382775?position=15&pageNum=0&refId=Txs8aBRyHbQ3e986nQUUFA%3D%3D&trackingId=VBQ9pOz2sIvUNgoO2D8lDg%3D%3D
Data Solutions Analyst,Emirates NBD,"Al Ain, Abu Dhabi Emirate, United Arab Emirates",https://ae.linkedin.com/jobs/view/data-solutions-analyst-at-emirates-nbd-4306999260?position=16&pageNum=0&refId=Txs8aBRyHbQ3e986nQUUFA%3D%3D&trackingId=JEPwHr6PGlDI0jPfXMzTWg%3D%3D
Business Analyst,SteerAI,"Abu Dhabi Emirate, United Arab Emirates",https://ae.linkedin.com/jobs/view/business-analyst-at-steerai-4299224255?position=17&pageNum=0&refId=Txs8aBRyHbQ3e986nQUUFA%3D%3D&trackingId=8uV2X2SK7qk9V4B8arBG8A%3D%3D
AI / ML Engineer,Deeplight AI,"Dubai, Dubai, United Arab Emirates",https://ae.linkedin.com/jobs/view/ai-ml-engineer-at-deeplight-ai-4305720578?position=18&pageNum=0&refId=Txs8aBRyHbQ3e986nQUUFA%3D%3D&trackingId=dg6IT0FZuzlDutQqu%2BN45A%3D%3D
Tanmia 'Select' Trainee,Amazon,"Dubai, Dubai, United Arab Emirates",https://ae.linkedin.com/jobs/view/tanmia-select-trainee-at-amazon-4263495268?position=19&pageNum=0&refId=Txs8aBRyHbQ3e986nQUUFA%3D%3D&trackingId=47aAasmIXIvq0Eo57WGG2Q%3D%3D
Product Manager (Dubai),Circles,"Dubai, Dubai, United Arab Emirates",https://ae.linkedin.com/jobs/view/product-manager-dubai-at-circles-4308458521?position=20&pageNum=0&refId=Txs8aBRyHbQ3e986nQUUFA%3D%3D&trackingId=P0IW%2BLzLZV7oEdO7UIU5BQ%3D%3D
Software Technical Testing - Senior Analyst,ENOC,"Dubai, United Arab Emirates",https://ae.linkedin.com/jobs/view/software-technical-testing-senior-analyst-at-enoc-4317074712?position=21&pageNum=0&refId=Txs8aBRyHbQ3e986nQUUFA%3D%3D&trackingId=QbGK%2B%2FibQMyYHvIi0f%2BDTA%3D%3D
Analytics Officer,ADIB - Abu Dhabi Islamic Bank,"Abu Dhabi, Abu Dhabi Emirate, United Arab Emirates",https://ae.linkedin.com/jobs/view/analytics-officer-at-adib-abu-dhabi-islamic-bank-4308938509?position=22&pageNum=0&refId=Txs8aBRyHbQ3e986nQUUFA%3D%3D&trackingId=WeSER77zEynsS28vUK3Kfg%3D%3D
Data Analyst - Inspection and Monitoring,Roads and Transport Authority,"Dubai, Dubai, United Arab Emirates",https://ae.linkedin.com/jobs/view/data-analyst-inspection-and-monitoring-at-roads-and-transport-authority-4314985144?position=23&pageNum=0&refId=Txs8aBRyHbQ3e986nQUUFA%3D%3D&trackingId=EnPP9jchI67LoMLk6SlaRw%3D%3D
AI / ML Engineer,Deeplight AI,"Abu Dhabi, Abu Dhabi Emirate, United Arab Emirates",https://ae.linkedin.com/jobs/view/ai-ml-engineer-at-deeplight-ai-4305709922?position=24&pageNum=0&refId=Txs8aBRyHbQ3e986nQUUFA%3D%3D&trackingId=ELjhPlvyt4K1qbuSm9UMRw%3D%3D
Insights Analyst,L'Oréal,"Dubai, Dubai, United Arab Emirates",https://ae.linkedin.com/jobs/view/insights-analyst-at-l-or%C3%A9al-4315209732?position=25&pageNum=0&refId=Txs8aBRyHbQ3e986nQUUFA%3D%3D&trackingId=V5yaqq4uekdpOamMo%2BdIFQ%3D%3D
Data Analyst (LATAM),Binance,"Dubai, Dubai, United Arab Emirates",https://ae.linkedin.com/jobs/view/data-analyst-latam-at-binance-4316652389?position=26&pageNum=0&refId=Txs8aBRyHbQ3e986nQUUFA%3D%3D&trackingId=bi6LzJEp%2FAGgZaTc%2B2Geag%3D%3D
Junior Analyst - Risk Engineering & Underwriting,Emirates Global Aluminium (EGA),"Abu Dhabi Emirate, United Arab Emirates",https://ae.linkedin.com/jobs/view/junior-analyst-risk-engineering-underwriting-at-emirates-global-aluminium-ega%E2%80%8B-4308174021?position=27&pageNum=0&refId=Txs8aBRyHbQ3e986nQUUFA%3D%3D&trackingId=zAT3cxt5VsQMUTxvyepcmQ%3D%3D
Project Manager,1inch,"Dubai, United Arab Emirates",https://ae.linkedin.com/jobs/view/project-manager-at-1inch-4316957256?position=28&pageNum=0&refId=Txs8aBRyHbQ3e986nQUUFA%3D%3D&trackingId=kcAvKxheF2soJ3nQHB6T2w%3D%3D
Process & Quality Engineer,Air Arabia,"Sharjah, Sharjah Emirate, United Arab Emirates",https://ae.linkedin.com/jobs/view/process-quality-engineer-at-air-arabia-4299002456?position=29&pageNum=0&refId=Txs8aBRyHbQ3e986nQUUFA%3D%3D&trackingId=D1ggD%2FTscY0VkZoTsKVsZg%3D%3D
Game Tester- Shooter Games,iBLOXX Studios DMCC,"Dubai, Dubai, United Arab Emirates",https://ae.linkedin.com/jobs/view/game-tester-shooter-games-at-ibloxx-studios-dmcc-4295897921?position=30&pageNum=0&refId=Txs8aBRyHbQ3e986nQUUFA%3D%3D&trackingId=84%2BYwpdee%2F485Ux62qINKg%3D%3D
Engineer I,Marriott International,"Dubai, Dubai, United Arab Emirates",https://ae.linkedin.com/jobs/view/engineer-i-at-marriott-international-4309789167?position=31&pageNum=0&refId=Txs8aBRyHbQ3e986nQUUFA%3D%3D&trackingId=vBvWIfV97sgZl03AOEOGVg%3D%3D
Quantitative Researcher,Fuse Energy,"Dubai, Dubai, United Arab Emirates",https://ae.linkedin.com/jobs/view/quantitative-researcher-at-fuse-energy-4303992776?position=32&pageNum=0&refId=Txs8aBRyHbQ3e986nQUUFA%3D%3D&trackingId=h4Wd2Ttolc97YaiDUYl5rg%3D%3D
Junior BI Analyst,SUMWON STUDIOS,"Dubai, United Arab Emirates",https://ae.linkedin.com/jobs/view/junior-bi-analyst-at-sumwon-studios-4305879749?position=33&pageNum=0&refId=Txs8aBRyHbQ3e986nQUUFA%3D%3D&trackingId=7wNLyJ5LDf7qqo8R1QSu%2Bg%3D%3D
Engineer I,Marriott International,"Dubai, Dubai, United Arab Emirates",https://ae.linkedin.com/jobs/view/engineer-i-at-marriott-international-4309790182?position=34&pageNum=0&refId=Txs8aBRyHbQ3e986nQUUFA%3D%3D&trackingId=4TArOk4qGR8W5ah6P76Hig%3D%3D
Engineer I,Marriott International,"Dubai, Dubai, United Arab Emirates",https://ae.linkedin.com/jobs/view/engineer-i-at-marriott-international-4309771325?position=35&pageNum=0&refId=Txs8aBRyHbQ3e986nQUUFA%3D%3D&trackingId=1JRKNqj0NPrIVrMHvgIwhw%3D%3D
Business Analyst - Lending,Discovered MENA,"Abu Dhabi Emirate, United Arab Emirates",https://ae.linkedin.com/jobs/view/business-analyst-lending-at-discovered-mena-4302969150?position=36&pageNum=0&refId=Txs8aBRyHbQ3e986nQUUFA%3D%3D&trackingId=06TWWJ5IZNWSEnsxoAV31g%3D%3D
Strategy Analyst,Modern Pharmaceutical LLC,"Dubai, United Arab Emirates",https://ae.linkedin.com/jobs/view/strategy-analyst-at-modern-pharmaceutical-llc-4312557211?position=37&pageNum=0&refId=Txs8aBRyHbQ3e986nQUUFA%3D%3D&trackingId=j17LhIJaSFMb1YkIvLU%2FiQ%3D%3D
Machine Learning Engineer (Contract - For Immediate Hire),Etihad Credit Bureau,"Dubai, United Arab Emirates",https://ae.linkedin.com/jobs/view/machine-learning-engineer-contract-for-immediate-hire-at-etihad-credit-bureau-4287636043?position=38&pageNum=0&refId=Txs8aBRyHbQ3e986nQUUFA%3D%3D&trackingId=OA4RIzTauhIrU%2BGt7b%2BM1Q%3D%3D
Business Analyst,Keeta,"Dubai, United Arab Emirates",https://ae.linkedin.com/jobs/view/business-analyst-at-keeta-4315014965?position=39&pageNum=0&refId=Txs8aBRyHbQ3e986nQUUFA%3D%3D&trackingId=VMqsopY4F8wrK1ja9AqpQw%3D%3D
Digital Business Analyst,DAMANA,"Dubai, United Arab Emirates",https://ae.linkedin.com/jobs/view/digital-business-analyst-at-damana-4313915793?position=40&pageNum=0&refId=Txs8aBRyHbQ3e986nQUUFA%3D%3D&trackingId=2p0jr%2FEdSEu5RsZvxm11bg%3D%3D
Junior Strategy Analyst,NMDC Group,"Abu Dhabi, Abu Dhabi Emirate, United Arab Emirates",https://ae.linkedin.com/jobs/view/junior-strategy-analyst-at-nmdc-group-4313032309?position=41&pageNum=0&refId=Txs8aBRyHbQ3e986nQUUFA%3D%3D&trackingId=1%2F6HtngvBwc51aY7uL4IoQ%3D%3D
Marketing Campaign Associate (Fresh Graduate),Keeta,"Dubai, United Arab Emirates",https://ae.linkedin.com/jobs/view/marketing-campaign-associate-fresh-graduate-at-keeta-4305722887?position=42&pageNum=0&refId=Txs8aBRyHbQ3e986nQUUFA%3D%3D&trackingId=5Jo3lGBRv6CIR1yXR0urCg%3D%3D
Solutions & analytics analyst,Etihad,"Abu Dhabi, Abu Dhabi Emirate, United Arab Emirates",https://ae.linkedin.com/jobs/view/solutions-analytics-analyst-at-etihad-4311139159?position=43&pageNum=0&refId=Txs8aBRyHbQ3e986nQUUFA%3D%3D&trackingId=CmKy2fYj34n6kWuY%2FTxhjg%3D%3D
Data Analyst,Styli,"Dubai, United Arab Emirates",https://ae.linkedin.com/jobs/view/data-analyst-at-styli-4309987703?position=44&pageNum=0&refId=Txs8aBRyHbQ3e986nQUUFA%3D%3D&trackingId=qW8Nx%2FvKYgLzTvwAfziSqw%3D%3D
Inbound Operations Associate,Careem,"Dubai, Dubai, United Arab Emirates",https://ae.linkedin.com/jobs/view/inbound-operations-associate-at-careem-4301305142?position=45&pageNum=0&refId=Txs8aBRyHbQ3e986nQUUFA%3D%3D&trackingId=WXJgij3x%2BT7NLpvgLZP%2BXA%3D%3D
Python Developer,Dicetek LLC,"Dubai, Dubai, United Arab Emirates",https://ae.linkedin.com/jobs/view/python-developer-at-dicetek-llc-4305832167?position=46&pageNum=0&refId=Txs8aBRyHbQ3e986nQUUFA%3D%3D&trackingId=JdQOxaINAs7kKlVrfh13CQ%3D%3D
Business Analyst,MPH,"Abu Dhabi Emirate, United Arab Emirates",https://ae.linkedin.com/jobs/view/business-analyst-at-mph-4311444746?position=47&pageNum=0&refId=Txs8aBRyHbQ3e986nQUUFA%3D%3D&trackingId=f%2Bv901X8%2FEJ%2B51O0GuCU6w%3D%3D
Operations Engineer,Enova by Veolia,"Dubai, United Arab Emirates",https://ae.linkedin.com/jobs/view/operations-engineer-at-enova-by-veolia-4313032333?position=48&pageNum=0&refId=Txs8aBRyHbQ3e986nQUUFA%3D%3D&trackingId=3EHZqb0197XuJg70M0syMA%3D%3D
Quantitative Researcher,Fuse Energy,"Dubai, Dubai, United Arab Emirates",https://ae.linkedin.com/jobs/view/quantitative-researcher-at-fuse-energy-4231733769?position=49&pageNum=0&refId=Txs8aBRyHbQ3e986nQUUFA%3D%3D&trackingId=uqKF15WT%2B%2BxYXbNC%2FLHLFA%3D%3D
Sales Engineer - Energy (Abu Dhabi),Sharaf DG,"Abu Dhabi, Abu Dhabi Emirate, United Arab Emirates",https://ae.linkedin.com/jobs/view/sales-engineer-energy-abu-dhabi-at-sharaf-dg-4309252633?position=50&pageNum=0&refId=Txs8aBRyHbQ3e986nQUUFA%3D%3D&trackingId=XXtGKh0c85X%2FPGdhAr9ZaQ%3D%3D
"Data Analyst, AMET Central Data Analytics team",Amazon,"Dubai, Dubai, United Arab Emirates",https://ae.linkedin.com/jobs/view/data-analyst-amet-central-data-analytics-team-at-amazon-4308931008?position=51&pageNum=0&refId=Txs8aBRyHbQ3e986nQUUFA%3D%3D&trackingId=PEviKWZ%2FjbhxRW64w6FtAA%3D%3D
Operations Manager,Revolut,United Arab Emirates,https://ae.linkedin.com/jobs/view/operations-manager-at-revolut-4221880736?position=52&pageNum=0&refId=Txs8aBRyHbQ3e986nQUUFA%3D%3D&trackingId=or2777TyPS3eN3vRy4gTGg%3D%3D
Associate Dealer/Dealer,Industrial and Commercial Bank of China,"Dubai, United Arab Emirates",https://ae.linkedin.com/jobs/view/associate-dealer-dealer-at-industrial-and-commercial-bank-of-china-4313364023?position=53&pageNum=0&refId=Txs8aBRyHbQ3e986nQUUFA%3D%3D&trackingId=lmGYKoKwZAnqiznrAm7T6w%3D%3D
Engineer I,Marriott International,"Dubai, Dubai, United Arab Emirates",https://ae.linkedin.com/jobs/view/engineer-i-at-marriott-international-4309786198?position=54&pageNum=0&refId=Txs8aBRyHbQ3e986nQUUFA%3D%3D&trackingId=JJIl6ZNb1mBISaR6wId2qQ%3D%3D
Engineer I,Marriott International,"Dubai, Dubai, United Arab Emirates",https://ae.linkedin.com/jobs/view/engineer-i-at-marriott-international-4309791151?position=55&pageNum=0&refId=Txs8aBRyHbQ3e986nQUUFA%3D%3D&trackingId=E5Bsvq5CaycD6bEnBOU5qQ%3D%3D
Manager - Threat Intelligence,Emirates NBD,"Dubai, United Arab Emirates",https://ae.linkedin.com/jobs/view/manager-threat-intelligence-at-emirates-nbd-4302644515?position=56&pageNum=0&refId=Txs8aBRyHbQ3e986nQUUFA%3D%3D&trackingId=TLF14JymY3KgBwG7B364aQ%3D%3D
Software Developer,CNS Middle East,"Dubai, Dubai, United Arab Emirates",https://ae.linkedin.com/jobs/view/software-developer-at-cns-middle-east-4312559133?position=57&pageNum=0&refId=Txs8aBRyHbQ3e986nQUUFA%3D%3D&trackingId=T1XFT%2ByKTR%2BB791RVEFWxg%3D%3D
Healthcare Data Scientist,Salt,"Dubai, United Arab Emirates",https://ae.linkedin.com/jobs/view/healthcare-data-scientist-at-salt-4305316370?position=58&pageNum=0&refId=Txs8aBRyHbQ3e986nQUUFA%3D%3D&trackingId=IuawL20%2BdwXbP4CbeAhR7A%3D%3D
Engineer I,Marriott International,"Dubai, Dubai, United Arab Emirates",https://ae.linkedin.com/jobs/view/engineer-i-at-marriott-international-4309792114?position=59&pageNum=0&refId=Txs8aBRyHbQ3e986nQUUFA%3D%3D&trackingId=GaPB69MDsYxqyzPVX1cH7A%3D%3D
Senior Data Scientist - Advanced Analytics CoE,Emirates NBD,"Dubai, United Arab Emirates",https://ae.linkedin.com/jobs/view/senior-data-scientist-advanced-analytics-coe-at-emirates-nbd-4305888106?position=60&pageNum=0&refId=Txs8aBRyHbQ3e986nQUUFA%3D%3D&trackingId=136Ggq2n1k%2FewtnNyYsRvQ%3D%3D
